"id","userId","searchDate","networkCount","caseNumber","offenseType"
"8b8e54fc-806d-4f19-a748-6ba31cd90569","***","2026-07-05T12:54:13.982Z","2","26-0000","Weapons Offense (Guns/Shots Fired)"
"b8597de8-bb90-403c-839f-85ac7a2cb709","***","2026-07-05T21:59:26.659Z","378","2607050142","Hit and Run/Car Accident"
"4b35cfb9-53aa-476c-9294-e30c4cc0885f","***","2026-07-05T22:00:27.797Z","378","2607050142","Hit and Run/Car Accident"
"2ac25f68-c2b1-4c1e-9efd-95e7898e13aa","***","2026-07-05T22:09:17.212Z","377","26-6219","Hit and Run/Car Accident"
"a1db2691-f831-44f6-afdc-99e9a47243f0","***","2026-07-05T22:18:25.577Z","378","26-6212","Motor Vehicle Theft/Stolen"
"5b5bc917-7b52-4415-8f5e-99aa5d8c72e8","***","2026-07-05T23:49:33.784Z","378","2607050142","Weapons Offense (Guns/Shots Fired)"
"6e17613b-4863-40ce-95ef-fcfae3f57b67","***","2026-07-06T00:02:09.720Z","377","26-6222","Threats/Harassment"
"b239bbe1-685a-475f-b5ca-fde371f02802","***","2026-07-06T06:18:01.500Z","378","2607050267","Motor Vehicle Theft/Stolen"
"be207f99-af04-4127-babd-898aa5241e3d","***","2026-07-06T09:12:47.399Z","378","2607060010","Motor Vehicle Theft/Stolen"
"c4259d77-cb80-4b06-8283-23272ba61c54","***","2026-07-06T09:14:53.188Z","378","2607060010","Motor Vehicle Theft/Stolen"
"2eda6607-dee8-4158-a004-ba55cf5bb4ee","***","2026-07-06T09:15:46.487Z","2","26-07-06-0010","Motor Vehicle Theft/Stolen"
"ad1ce6e7-2772-44cb-a94c-eaa1308c562b","***","2026-07-06T09:18:55.846Z","378","2607060010","Motor Vehicle Theft/Stolen"
"91c9b45c-989a-4577-94d7-0ae8808c0f4b","***","2026-07-06T09:21:26.683Z","2","26-0000","Motor Vehicle Theft/Stolen"
"d075f82c-acea-421d-aa62-e43343523a56","***","2026-07-06T09:28:42.102Z","379","26-6229","Stolen Property Offenses"
"c8ae1bff-2fae-44e1-817c-cadc561245cb","***","2026-07-06T09:47:48.875Z","378","26-6229","Motor Vehicle Theft/Stolen"
"2f9181b1-1652-44ed-b86b-040b49f47724","***","2026-07-06T10:03:26.373Z","2","2607060010","Motor Vehicle Theft/Stolen"
"39f63f2c-8598-41a5-9105-af867031419e","***","2026-07-06T10:50:25.469Z","378","2607050267","Motor Vehicle Theft/Stolen"
"c6b50437-e5ec-4dcf-acbc-f371cef2e115","***","2026-07-06T11:34:34.683Z","378","2607050267","Motor Vehicle Theft/Stolen"
"458140bb-7e06-4200-bc18-e7d365652698","***","2026-07-06T12:47:33.108Z","608","2607060025","Motor Vehicle Theft/Stolen"
"6818b5c3-23e8-4c4d-9285-df28d6b0bb49","***","2026-07-06T13:17:13.100Z","378","2607050267","Motor Vehicle Theft/Stolen"
"b176e8a5-889a-45d3-9e8c-4f70819ad706","***","2026-07-06T16:58:33.409Z","1","2607060065","Assault/Battery Offenses"
"4019f67d-ff9a-4755-96f3-f60ab383a4d0","***","2026-07-06T17:05:55.183Z","377","2607060065","Assault/Battery Offenses"
"c7ce3f4c-9c8d-4448-916e-43203b798042","***","2026-07-06T19:44:20.895Z","377","bpd 26-893","Larceny/Theft Offenses"
"1489684c-5a79-4aa8-b1d2-95e2080141f1","***","2026-07-06T21:30:10.724Z","377","2607060136","Threats/Harassment"
"335bfb91-0c8d-4e72-a2ea-9d1f0d3c6852","***","2026-07-07T15:08:23.167Z","356","26-6270","Weapons Offense (Guns/Shots Fired)"
"d3bdda49-9248-48f4-b997-93876de9f9d5","***","2026-07-07T16:02:59.590Z","378","26-5935","Drugs/Narcotics"
"d1e83370-fb88-4410-8b4d-cbe57353356e","***","2026-07-07T19:11:05.787Z","377","2607070156","Welfare Check"
"a317bca1-1868-4b84-9e28-5991e508a351","***","2026-07-07T20:01:15.508Z","378","26-6311","Hit and Run/Car Accident"
"6d1fb943-cac0-45b0-8a62-4b60a386489e","***","2026-07-07T21:17:35.047Z","377","2607070156","Welfare Check"
"042c7d0c-1474-4041-bf9e-b0d5e67c7f9b","***","2026-07-07T21:41:50.647Z","378","26-6285","Motor Vehicle Theft/Stolen"
"baf6a030-f109-462a-8671-3e83efa84fbd","***","2026-07-07T22:25:53.730Z","2","catalytic converter","Larceny/Theft Offenses"
"1dc15520-7a38-418b-aa6e-6c4116601f6f","***","2026-07-07T22:38:31.189Z","378","c666","Motor Vehicle Theft/Stolen"
"e02f3f09-0be7-44f4-a755-0360b383911c","***","2026-07-07T22:45:07.737Z","1","26-942","Larceny/Theft Offenses"
"f3cd62d8-473a-4bba-a870-c1ed96e88a67","***","2026-07-07T23:07:54.855Z","377","WCPD 666","Robbery"
"caf56656-d4c1-4f7a-b8d3-8553f46fe6aa","***","2026-07-08T02:04:18.549Z","378","26-1234","Stolen Property Offenses"
"f3834672-7d4a-4bfe-b3f0-3ce222345a18","***","2026-07-08T02:44:30.077Z","378","2607070250","Motor Vehicle Theft/Stolen"
"1c8bdc9b-e6b5-4a4d-833f-c9ff3aa0a735","***","2026-07-08T06:27:00.919Z","2","26-6128","Larceny/Theft Offenses"
"cf9154ea-46ea-444f-8207-5f765b844680","***","2026-07-08T16:28:33.803Z","2","26-3784","Financial Crime (Embezzlement/Fraud)"
"577aa322-663e-4287-ba58-dc41fc349c1b","***","2026-07-08T17:50:43.980Z","1","26-218","Weapons Offense (Guns/Shots Fired)"
"b3a6b2e5-35b0-449c-be62-bd83113baea2","***","2026-07-08T19:29:40.847Z","378","26-5629","Robbery"
"4778c730-22de-4cdf-97e6-0b8635bc440c","***","2026-07-08T19:35:21.316Z","378","2607080138","Driving Under the Influence (DUI/DWI/OWI/OVI)"
"f48b5931-2854-4918-b9a4-70eaf698254b","***","2026-07-09T01:12:42.153Z","356","26-1234","Stolen Property Offenses"
"9353d842-fa94-47d6-9f5c-0f9ec7fd6e0e","***","2026-07-09T04:02:11.263Z","608","2607080203","Motor Vehicle Theft/Stolen"
"30b47abd-f1e3-4de8-bf77-c383e635d4c4","***","2026-07-09T05:49:35.421Z","378","2607080268","Missing/Endangered Person/Runaway"
"a01001e6-a069-46fc-ab2e-cb68b726e7b5","***","2026-07-09T05:52:02.160Z","379","2607080268","Protective/Protection Order"
"77a3e930-a809-4f4c-b55d-9ea171c1e9a6","***","2026-07-09T14:15:54.921Z","378","2607090050","Obstructing Justice"
"f6469cf0-d448-456d-83fb-a7e9eb77a471","***","2026-07-09T17:24:04.218Z","2","26-5629","Robbery"
"a26c05d2-5eb0-423f-8475-4ef02418d3f0","***","2026-07-09T21:31:56.715Z","377","0701","Homicide/Death Investigation"
"a296374d-08a0-421c-b9f9-c4f23d628712","***","2026-07-09T22:51:21.298Z","356","26-1234","Stolen Property Offenses"
"04d4b1a4-3eed-4164-a6c2-df22533f620f","***","2026-07-09T23:29:08.895Z","2","2607090214","Weapons Offense (Guns/Shots Fired)"
"dde1643a-8419-4cbd-8200-8316edb81c00","***","2026-07-09T23:29:10.105Z","356","26-1234","Stolen Property Offenses"
"31334a4f-fc68-4275-84a7-b9125a8f0b6f","***","2026-07-09T23:30:16.885Z","377","2607090214","Weapons Offense (Guns/Shots Fired)"
"c7eec606-f357-477a-bab4-9a4f76a1d5c4","***","2026-07-10T00:04:08.293Z","607","Officer Safety BOLO","Weapons Offense (Guns/Shots Fired)"
"3cf5e3c4-d3f9-46e8-8278-d21b4b9de3c9","***","2026-07-10T01:56:06.213Z","377","CHP CALLING DISP","Assault/Battery Offenses"
"564873b5-51a4-4697-9da3-8413bfe49c77","***","2026-07-10T02:01:56.376Z","607","2607090241","Assault/Battery Offenses"
"d91781e8-eb8b-4e0e-b03b-a00b90b4b017","***","2026-07-10T04:24:11.025Z","356","26-6408","Stolen Property Offenses"
"952ccb79-c424-4249-addd-d4d6872d3f48","***","2026-07-10T14:53:53.219Z","2","26-5839","Assault/Battery Offenses (Domestic)"
"6e5ff651-f47c-47de-9636-3a03689474d6","***","2026-07-10T15:22:25.480Z","1","26-6416","Sex Offenses"
"c6fa2937-2aca-47d3-a376-4b4d04dfb7b5","***","2026-07-10T16:09:40.152Z","376","24-6416","Sex Offenses"
"30ebad73-5c38-4fce-9310-cefdde7b0e0b","***","2026-07-10T18:08:26.013Z","2","26-6409","Missing/Endangered Person/Runaway"
"e1ba4489-ae6f-47d5-85af-6ea94284be8c","***","2026-07-10T20:00:57.330Z","377","26-6425","Stolen Property Offenses"
"61321eda-917a-491b-8409-3f538197b479","***","2026-07-10T22:07:23.832Z","607","2607100148","Motor Vehicle Theft/Stolen"
"1877f58b-a23b-4c18-aa6e-ecbf0e8a4089","***","2026-07-10T23:28:17.854Z","377","26-6430","Missing/Endangered Person/Runaway"
"11158b1f-8e6d-4cdc-b2be-a56ae8a55e8e","***","2026-07-11T04:48:29.791Z","377","2607100231","Motor Vehicle Theft/Stolen"
"fed0c86d-1eb1-4e2a-a742-b9f2c03c20d8","***","2026-07-11T05:16:17.761Z","2","2607100231","Larceny/Theft Offenses"
"16889384-ee21-4878-9694-fb86accf2e3f","***","2026-07-11T06:57:54.541Z","377","26-6440","Destruction/Damage/Vandalism of Property"
"412fd0bc-9a95-4c86-998c-03584ec46c68","***","2026-07-11T07:01:05.892Z","2","26-6442","Kidnapping/Abduction"
"c9416c0a-ba60-413d-8f07-05214bd62e63","***","2026-07-11T10:37:57.133Z","377","26-6442","Missing/Endangered Person/Runaway"
"73863d25-efe5-4a1f-9916-b33d99baca66","***","2026-07-11T15:28:33.039Z","2","26-6442","Welfare Check"
"6b9d5e7a-75bc-406e-ab7a-94ec14d7becb","***","2026-07-11T18:14:14.510Z","377","26-6212","Motor Vehicle Theft/Stolen"
"2fd2f9fd-0224-4f0b-a788-9f3a47f79df7","***","2026-07-11T23:32:21.708Z","377","26-0001","Motor Vehicle Theft/Stolen"
"7e3505a7-36a1-4388-bb36-0ca3997ff9fa","***","2026-07-12T00:04:06.577Z","377","26-6235","Motor Vehicle Theft/Stolen"
"48aeb9af-12c8-4b8c-95d5-1a64228d6b43","***","2026-07-12T15:57:44.894Z","377","26-0001","Motor Vehicle Theft/Stolen"
"7effb416-aec2-42e3-b3a4-bace0f1eb4d0","***","2026-07-12T17:35:01.907Z","377","Warrant subject","Weapons Offense (Guns/Shots Fired)"
"b944835c-9ea9-4aa2-8abf-e105abf74b37","***","2026-07-12T20:36:11.154Z","377","26-6479","Motor Vehicle Theft/Stolen"
"e7ab73ed-e667-41e1-a0fd-38ee99ab02a5","***","2026-07-12T22:21:38.224Z","2","26-0001","Assault/Battery Offenses"
"b9d67cef-e749-4b2b-b5b3-13bafe1f48c1","***","2026-07-13T00:18:09.727Z","2","26-0001","Assault/Battery Offenses"
"c383158f-493f-498c-bd3a-6169e2594302","***","2026-07-13T05:29:36.126Z","376","BPD 26-2971","Burglary/Breaking & Entering"
"1f16eb49-45ec-481f-a2dc-82e18efa4b61","***","2026-07-13T22:17:29.845Z","376","26-6416","Sex Offenses"
"a32d1991-5b18-4cc1-b0a2-36a971c00281","***","2026-07-13T22:58:26.463Z","376","26-999999","Motor Vehicle Theft/Stolen"
"b31fb458-539e-4124-8210-8d35bd71f135","***","2026-07-13T23:21:39.477Z","377","2607130166","Motor Vehicle Theft/Stolen"
"5e46db22-dfb9-464a-bc46-25fcc94b20ee","***","2026-07-14T00:48:31.463Z","377","2607130181","Weapons Offense (Guns/Shots Fired)"
"c15c98fe-1ce8-4505-928a-b09fac9f0451","***","2026-07-14T13:39:04.113Z","376","26-5629","Robbery"
"1b9cfb94-b6b9-40b5-8522-05ce31d5d768","***","2026-07-14T14:55:05.870Z","377","26-0001","Motor Vehicle Theft/Stolen"
"c1952d18-a769-4017-8e03-95e21575dcd3","***","2026-07-14T15:46:03.990Z","377","26-5241","Destruction/Damage/Vandalism of Property"
"56071f0c-196f-4e4b-b60c-29895d5b6b25","***","2026-07-14T16:21:08.712Z","376","26-5241","Destruction/Damage/Vandalism of Property"
"32be7231-1ddd-4da5-ab1b-c64a0f372aaa","***","2026-07-14T17:44:42.535Z","376","2607140080","Assault/Battery Offenses (Domestic)"
"3bf9352c-cd1a-4e43-be3d-7bef5c4997d7","***","2026-07-14T18:38:52.042Z","377","26-6126","Assault/Battery Offenses"
"f9e2b6e8-ca45-4e7e-a794-75e5e9423403","***","2026-07-15T02:32:22.859Z","2","25-6562","Weapons Offense (Guns/Shots Fired)"
"b4ece734-67ab-4b39-80a5-204c121c9723","***","2026-07-15T02:33:41.812Z","377","26-6562","Weapons Offense (Guns/Shots Fired)"
"dae5a48d-fe0a-4b7e-bb4b-1233e9fa6040","***","2026-07-15T05:55:07.149Z","375","26-3654","Larceny/Theft Offenses"
"ada89326-4b5b-46d9-b480-b7f0d17e3a69","***","2026-07-15T16:25:51.894Z","376","26-5935","Drugs/Narcotics"
"d0d8a3ba-8802-467b-884f-40cd514f075e","***","2026-07-15T17:16:08.922Z","376","2511493","Weapons Offense (Guns/Shots Fired)"
"681d1ce5-28f3-4d1b-a8fd-84017da7baba","***","2026-07-15T17:34:16.092Z","376","2607150094","Weapons Offense (Guns/Shots Fired)"
"00706ce0-a77b-46f3-918a-d9bb9bb0cb82","***","2026-07-15T18:00:48.685Z","605","2607150094","Weapons Offense (Guns/Shots Fired)"
"dd625de8-aba4-4971-8add-f1b4ef1a76da","***","2026-07-15T23:02:14.143Z","375","2607150178","Assault/Battery Offenses"
"23deedbd-bd7f-4193-a7f6-198b5d0c8d91","***","2026-07-16T00:01:48.827Z","356","26-5266","Homicide/Death Investigation"
"408ad26f-c42a-4b2d-98dc-cb743e7a93e1","***","2026-07-16T00:10:15.720Z","606","2607150191","Assault/Battery Offenses"
"0be94f6f-c9e4-4358-94fa-8fc400683e7c","***","2026-07-16T05:09:09.687Z","606","26-4394","Motor Vehicle Theft/Stolen"
"86531ad5-d5da-4569-abb0-0a2995069e57","***","2026-07-16T14:23:08.890Z","376","26-1","Weapons Offense (Guns/Shots Fired)"
"0871af16-700b-45af-b4a3-e624c7f6ec1e","***","2026-07-16T15:24:57.864Z","356","26-5266","Homicide/Death Investigation"
"50e17f9b-b57e-46b8-846e-c288a16ebcb7","***","2026-07-16T16:47:37.418Z","376","26-2645","Robbery"
"e5180892-2ef0-47c9-aef2-0526186ba2cf","***","2026-07-16T18:12:29.125Z","356","26-5266","Homicide/Death Investigation"
"badc2699-444a-417e-9ddd-71816807fd5c","***","2026-07-16T19:01:49.450Z","376","2607150094","Drugs/Narcotics"
"b55c9c9c-b11c-4c3b-8110-c0f38c021c0d","***","2026-07-16T21:52:23.569Z","356","26-1234","Stolen Property Offenses"
"26e3e7bb-20e6-4d5c-b116-18585e83463b","***","2026-07-16T23:23:56.362Z","375","2607160143","Assault/Battery Offenses (Domestic)"
"ea13c15f-0b37-461b-aa9c-619774938815","***","2026-07-17T16:07:47.944Z","375","stolen veh","Larceny/Theft Offenses"
"a0560ac9-2fc1-42b0-b828-6702ea923b53","***","2026-07-17T16:44:21.247Z","375","26-6647","Motor Vehicle Theft/Stolen"
"1d1d458f-1d8c-4b3d-983c-e6e20e8adf2c","***","2026-07-17T17:26:10.073Z","605","26-6650","Assault/Battery Offenses"
"e3a6cdf5-c947-43b1-837e-66b29d8b07cb","***","2026-07-17T17:31:04.430Z","374","26-6650","Assault/Battery Offenses (Domestic)"
"d44199de-e373-43a5-bb8b-f7e09fcedb8c","***","2026-07-17T17:40:07.547Z","375","26-6647","Motor Vehicle Theft/Stolen"
"376fb903-1d72-4c55-93b8-77d032322bc6","***","2026-07-17T18:13:49.090Z","605","415rr","Assault/Battery Offenses"
"8b7fb604-454c-4eee-a546-0c2b014b5091","***","2026-07-17T20:26:02.240Z","374","2607170099","Assault/Battery Offenses (Domestic)"
"1da9c9ab-4509-479d-9979-71587e12ad9f","***","2026-07-17T21:10:23.823Z","375","26-6647","Motor Vehicle Theft/Stolen"
"60392347-2121-436b-9159-027c13bcc661","***","2026-07-17T22:54:13.921Z","605","26 6055","Assault/Battery Offenses"
"5e7415b8-2522-4e49-a2d0-f69d7561c9db","***","2026-07-17T23:37:58.888Z","375","26-6647","Motor Vehicle Theft/Stolen"
"182b2a89-f836-46eb-aa05-a9ca52039c90","***","2026-07-18T01:42:42.178Z","375","26-5935","Drugs/Narcotics"
"8239551c-00d2-4d9a-9bfd-38191e493c1c","***","2026-07-18T02:26:31.678Z","375","26-2645","Robbery"
"4835073b-555f-4d05-91ba-643584baa831","***","2026-07-18T03:01:19.641Z","375","26-6660","Hit and Run/Car Accident"
"ebf32a62-a725-45e4-b473-1b0736f1e2b9","***","2026-07-18T06:46:32.113Z","2","26-6659","Weapons Offense (Guns/Shots Fired)"
"a5eb8dcc-19ff-47c0-acf0-944629235274","***","2026-07-18T17:00:11.661Z","375","2607180066","Motor Vehicle Theft/Stolen"
"ffd5ee13-91b9-482b-a67e-8f3b0639ed6e","***","2026-07-18T18:14:28.744Z","375","26-6680","Motor Vehicle Theft/Stolen"
"ea4f1589-534e-47b4-855d-19473bb2af29","***","2026-07-18T20:20:44.067Z","375","2607180066","Motor Vehicle Theft/Stolen"
"fa1e9c77-2101-4100-aa5a-3146c7d7fe1a","***","2026-07-19T10:40:49.428Z","375","26-6697","Motor Vehicle Theft/Stolen"
"061d7a8c-a519-441a-b4a5-8089c44800d8","***","2026-07-19T10:49:34.692Z","605","26-6697","Burglary/Breaking & Entering"
"d9258491-70a0-4d49-be30-ec6d50538195","***","2026-07-19T15:44:16.201Z","375","2607180066","Motor Vehicle Theft/Stolen"
"f5d608eb-2af0-4a76-be6c-5662bf3d85d2","***","2026-07-19T19:46:42.198Z","355","26-6685","Kidnapping/Abduction"
"ae91cd9e-0139-4694-9810-9798f31b50e6","***","2026-07-19T21:39:40.472Z","355","26-6706","Motor Vehicle Theft/Stolen"
"1933a64c-1b40-47ad-9e29-852ca09aadf9","***","2026-07-19T21:53:28.024Z","375","2607180066","Motor Vehicle Theft/Stolen"
"0ea1e291-9a11-4544-85e6-98c214ca8402","***","2026-07-20T02:01:05.510Z","355","26-6685","Kidnapping/Abduction"
"71b81439-1870-4de0-8dd6-92436f6c5f98","***","2026-07-20T03:35:43.970Z","605","26-6697","Burglary/Breaking & Entering"
"2c594526-c45e-4db3-94da-8a3413125174","***","2026-07-20T05:47:50.813Z","375","26-6720","Weapons Offense (Guns/Shots Fired)"
"2c7b9c6f-ed6f-45f4-99af-44bb26798767","***","2026-07-20T12:13:15.258Z","605","2607200018","Motor Vehicle Theft/Stolen"
"ebe29b2c-dc2a-4063-a265-263300068a6b","***","2026-07-20T13:05:58.312Z","605","26-6725","Motor Vehicle Theft/Stolen"
"68a351fc-2633-44b4-b62c-52b693c8e49b","***","2026-07-20T15:37:25.140Z","355","26-5226","Homicide/Death Investigation"
"3c75b0ec-6ee9-449d-ba41-675c2d4166d8","***","2026-07-20T16:45:35.496Z","2","26-6685","Child Abuse/Neglect"
"cc8b0f6d-cf9d-400a-a545-6a91f4462376","***","2026-07-20T16:47:40.586Z","375","2607200061","Motor Vehicle Theft/Stolen"
"2d55f223-9d41-4dc2-b8f9-6abf4466eb33","***","2026-07-20T18:23:11.116Z","2","26-6734","Motor Vehicle Theft/Stolen"
"367c0f4c-f95d-4d0d-a92a-e4e1bec799d2","***","2026-07-20T19:08:38.530Z","374","26-6170","Missing/Endangered Person/Runaway"
"ac204587-bdda-4d8e-8844-3de9d327bbd1","***","2026-07-20T19:51:37.357Z","2","26-6640","Robbery"
"bac7e955-7a06-4ab9-aa09-d3ebf5b068e5","***","2026-07-20T20:46:41.821Z","375","26-6640","Robbery"
"c75631ea-ea7b-4263-ba15-169603f81381","***","2026-07-20T21:57:16.423Z","355","26-6448","Criminal Motor Vehicle Offense (incl. Road Rage/Reckless)"
"4591f898-64d5-4476-a5d4-08d2ce4849ef","***","2026-07-20T22:02:43.503Z","355","26-5226","Homicide/Death Investigation"
"5944db15-f7fe-4180-ac5c-2377de17e80d","***","2026-07-20T22:43:55.264Z","375","26-5935","Drugs/Narcotics"
"ff1bd114-c404-449a-806a-d015ca1af25c","***","2026-07-21T00:41:06.372Z","2","2607200146","Motor Vehicle Theft/Stolen"
"8b0588c7-f4dd-4175-9790-772249446e34","***","2026-07-21T00:54:55.460Z","355","26-5266","Homicide/Death Investigation"
"8e0cb51c-7a96-480c-861e-9fb5c86f5176","***","2026-07-21T01:07:10.631Z","355","26-5266","Homicide/Death Investigation"
"f0d43c0c-b089-41f4-b674-d8c7734f7562","***","2026-07-21T02:17:39.908Z","355","26-5266","Homicide/Death Investigation"
"edc8730b-19c1-40f1-8260-735f254deef9","***","2026-07-21T03:51:31.420Z","355","26-5266","Homicide/Death Investigation"
"b1a03040-1836-4e13-b783-c2a76d03a952","***","2026-07-21T04:30:00.126Z","355","26-5266","Homicide/Death Investigation"
"0bf6ba64-337e-4b39-86b7-2efda79da217","***","2026-07-21T11:26:41.751Z","2","26-0","Criminal Motor Vehicle Offense (incl. Road Rage/Reckless)"
"f09a57f3-92e6-4f74-896b-615b033e7f3a","***","2026-07-21T13:43:14.418Z","355","26-5266","Homicide/Death Investigation"
"f8028c6c-a867-4dd5-874a-b4c5785f7b13","***","2026-07-21T14:59:02.650Z","374","26-5266","Homicide/Death Investigation"
"df3a02cf-42b3-48af-8b78-772cf4a45341","***","2026-07-21T15:00:49.743Z","355","26-5266","Homicide/Death Investigation"
"e22132da-d2de-409c-90c0-d7fd59cab724","***","2026-07-21T15:04:34.111Z","374","26-5266","Homicide/Death Investigation"
"1bcc669d-9b5d-4cb7-a5a1-bda10986bff3","***","2026-07-21T15:29:44.481Z","375","26-1","Homicide/Death Investigation"
"dcaed24c-0798-45e2-a6b5-95ef0e4313d6","***","2026-07-21T15:31:51.034Z","374","26-5266","Homicide/Death Investigation"
"97ac6b13-78bb-4ed1-90fe-917400f47581","***","2026-07-21T15:37:00.518Z","375","26-5266","Homicide/Death Investigation"
"66ac26b0-da07-45dc-ac91-b4ccfae10941","***","2026-07-21T16:00:53.042Z","375","26-5266","Homicide/Death Investigation"
"7cf859bd-59eb-4cab-a873-b3c6ac9230d7","***","2026-07-21T16:02:46.721Z","375","26-6775","Wanted Person (Arrest Warrant/Fugitive)"
"6d7a30d9-9484-48f8-8dd3-842e541a20e5","***","2026-07-21T16:03:21.562Z","375","26-6775","Assault/Battery Offenses"
"3a71c0e5-fee3-4495-874e-03c376c7b09b","***","2026-07-21T16:17:03.491Z","1","26-5266","Homicide/Death Investigation"
"32514d73-0629-4220-ba74-827320bc699b","***","2026-07-21T16:20:09.049Z","605","26-6775","Assault/Battery Offenses"
"e906cc27-8410-48f0-b576-13d4c16c2659","***","2026-07-21T16:25:01.659Z","355","26-5266","Homicide/Death Investigation"
"faeb3f0e-15bd-457a-a807-7263dfb2dd69","***","2026-07-21T17:10:10.579Z","375","26-1","Homicide/Death Investigation"
"65539100-bb04-43f8-a1a0-df090762bfa8","***","2026-07-21T17:30:01.904Z","374","26-5266","Homicide/Death Investigation"
"6dc6bae0-9290-40ad-a272-f92b79169073","***","2026-07-21T17:32:54.241Z","355","26-5266","Homicide/Death Investigation"
"da4218fd-a69c-4db0-99f7-411dd898f454","***","2026-07-21T17:44:31.458Z","2","26-6775","Assault/Battery Offenses"
"1b3954a6-fc97-4981-af1d-b424d3272728","***","2026-07-21T17:45:30.973Z","375","26-5266","Homicide/Death Investigation"
"4ec2e2ac-5302-4b48-85d5-2f402d909b37","***","2026-07-21T18:15:30.784Z","2","26-6775","Assault/Battery Offenses"
"a4b08659-7df3-4072-a64d-33573b541215","***","2026-07-21T18:21:44.679Z","375","26-5266","Homicide/Death Investigation"
"6d1c33df-6b81-4beb-b0e5-d64c6f759ec1","***","2026-07-21T18:33:27.987Z","375","26-6775","Wanted Person (Arrest Warrant/Fugitive)"
"f846b5d5-6ba2-4a50-ae32-0d4964d1957b","***","2026-07-21T18:39:43.652Z","374","26-5266","Homicide/Death Investigation"
"86004c05-46c4-4438-ba6e-0faf934cdec1","***","2026-07-21T18:41:28.942Z","355","26-5266","Homicide/Death Investigation"
"460ee88f-42af-47dd-9553-0fdd06bea795","***","2026-07-21T19:11:21.507Z","374","26-5266","Homicide/Death Investigation"
"19e29db0-9835-44d6-b099-09e2d75ca07c","***","2026-07-22T10:48:25.064Z","1","26-6810","Assault/Battery Offenses"
"fa2cb277-43de-4be5-95b3-9c6dda8cb627","***","2026-07-22T16:26:08.869Z","374","26-6775","Assault/Battery Offenses"
"10b381b0-6fc1-492d-b352-77c47782f140","***","2026-07-22T17:03:37.134Z","374","26-6775","Assault/Battery Offenses"
"3e1f62a5-a9dd-400b-aef1-dccd78132395","***","2026-07-22T18:20:23.223Z","373","26-1","Criminal Motor Vehicle Offense (incl. Road Rage/Reckless)"
"9bb8493b-cf5e-419d-b825-9f81f77861f5","***","2026-07-22T18:24:29.847Z","603","26-6775","Assault/Battery Offenses"
"c8ff305b-370f-463f-9ddc-72371bb03dda","***","2026-07-22T18:27:15.408Z","373","2607220109","Motor Vehicle Theft/Stolen"
"44db31f8-bf65-4024-93b9-0af9fecda547","***","2026-07-22T19:14:35.303Z","353","1","Motor Vehicle Theft/Stolen"
"1c87d3ae-32c4-4353-b030-4dedd8cd0e39","***","2026-07-22T20:43:13.570Z","353","1","Motor Vehicle Theft/Stolen"
"05606ee7-bfb6-4fb0-8a53-9d337c7c10c2","***","2026-07-22T22:00:07.023Z","373","2607220175","Drugs/Narcotics"
"0d8713db-0ed2-4764-99f8-5fe5e554f80c","***","2026-07-22T22:59:27.230Z","2","2607220084","Wanted Person (Arrest Warrant/Fugitive)"
"ad0d2a99-7cd4-470c-84d3-34a06bc1fc54","***","2026-07-22T23:22:02.603Z","353","1","Motor Vehicle Theft/Stolen"
"3e6fc94b-819f-49ee-9e44-4ceff8cef6dc","***","2026-07-23T00:01:03.886Z","353","26-1234","Stolen Property Offenses"
"4b2cc702-7b1e-40d5-ab12-b31bd35bfc8e","***","2026-07-23T00:59:42.495Z","2","2607220223","Hit and Run/Car Accident"
"593b62fa-4afb-4923-a2b9-b5b02cbdbb7d","***","2026-07-23T01:02:06.470Z","1","2607220223","Hit and Run/Car Accident"
"fc0cf0ef-4aa5-442b-8ee9-a2405bbfda4b","***","2026-07-23T08:17:48.386Z","353","26-6837","Hit and Run/Car Accident"
"34f504c1-beaa-4189-8eb5-2526d7c60f6f","***","2026-07-23T11:38:59.935Z","1","26-6850","Motor Vehicle Theft/Stolen"
"81f7e422-d42a-4cb9-a9e4-f54089e4411a","***","2026-07-23T14:58:10.781Z","2","1","Traffic Infraction"
"39a1432f-3d12-404b-ade1-d67ed59969c5","***","2026-07-23T15:06:32.794Z","2","1","Traffic Infraction"
"9a82d320-453c-4695-8617-83e17e898290","***","2026-07-23T16:05:26.497Z","2","1","Traffic Infraction"
"12278196-a631-4958-955c-989593e8ce98","***","2026-07-23T16:30:43.838Z","373","2607230056","Weapons Offense (Guns/Shots Fired)"
"02a3569f-8e92-43c7-8233-f11bd24e1cd9","***","2026-07-23T17:26:14.755Z","373","1","Traffic Infraction"
"e29ef885-d153-4184-a40c-b78d07c7d10c","***","2026-07-23T18:31:55.367Z","373","1","Traffic Infraction"
"3d84c6d0-7fc7-44b6-adc6-87bfc901997e","***","2026-07-23T19:13:32.647Z","373","1","Traffic Infraction"
"fa11f8f2-689b-4e2c-90ee-73048235b5e0","***","2026-07-23T21:40:59.303Z","373","1","Traffic Infraction"
"268167e1-f2d5-4ab8-bbcf-6510cac8724e","***","2026-07-23T21:45:56.300Z","604","26-6837","Hit and Run/Car Accident"
"f12cfdd6-6379-4024-9c43-3613dcf27a64","***","2026-07-23T22:20:23.503Z","373","1","Traffic Infraction"
"6640b2ec-7db5-4802-9fdf-9e426848f870","***","2026-07-24T03:40:53.030Z","373","2607230206","Robbery"
"08cb31f4-8efc-4e34-890b-486db162e1bd","***","2026-07-24T04:01:39.049Z","373","2607230206","Robbery"
"2477a70f-f66a-4145-adb5-359a99d5f555","***","2026-07-24T14:05:46.820Z","372","26-6883","Larceny/Theft Offenses"
"bad9c2d7-205a-4cf8-ae70-99a312e7729e","***","2026-07-24T15:26:52.131Z","372","26-6883","Larceny/Theft Offenses"
"5ac2af1a-9cbf-4766-aebf-6f1f299fd9c2","***","2026-07-24T23:33:43.212Z","373","2607240137","Weapons Offense (Guns/Shots Fired)"
"79fdef62-4f13-4799-bd53-88306e45bf54","***","2026-07-24T23:55:42.674Z","2","1","Weapons Offense (Guns/Shots Fired)"
"ea43d36b-3045-41c0-b56f-5f341122a9c9","***","2026-07-25T00:07:59.145Z","2","1","Weapons Offense (Guns/Shots Fired)"
"34df98d1-3155-493f-86ce-e0d07fc8e37c","***","2026-07-25T01:20:12.614Z","373","1","Weapons Offense (Guns/Shots Fired)"
"3eec5fa3-1b7f-4759-bbcf-78a744fdad6b","***","2026-07-25T02:31:32.542Z","373","1","Weapons Offense (Guns/Shots Fired)"
"ececa96d-280d-4f68-b8ea-01767d341a03","***","2026-07-25T03:10:00.198Z","373","1","Weapons Offense (Guns/Shots Fired)"
"47cbe4cb-0306-4a6d-93f4-7969f2b56958","***","2026-07-25T04:03:27.769Z","373","1","Weapons Offense (Guns/Shots Fired)"
"f0b33c43-2935-4b85-b4a0-d32e097738ee","***","2026-07-25T06:03:21.101Z","353","26-1234","Stolen Property Offenses"
"93867e28-ef8f-4ffd-82c6-277ceff3caba","***","2026-07-25T14:35:05.198Z","373","2607250054","Motor Vehicle Theft/Stolen"
"fe8104f9-30ba-411f-8b31-27e0845d3aa5","***","2026-07-25T21:24:55.690Z","2","26-0001","Motor Vehicle Theft/Stolen"
"dba1e043-0fd4-4c20-867b-fc26263c8ab6","***","2026-07-25T21:33:51.185Z","373","11234","Kidnapping/Abduction"
"99225ec9-dc8a-426c-a120-c2fd9025ca05","***","2026-07-25T22:30:35.602Z","373","26-0001","Motor Vehicle Theft/Stolen"
"64a8ee00-36d5-418d-949d-d2fb4c7586ed","***","2026-07-25T23:12:27.699Z","373","11234","Motor Vehicle Theft/Stolen"
"7a9f8c54-6643-44bf-9f1e-836e39f7565b","***","2026-07-26T00:08:39.793Z","373","26-0001","Motor Vehicle Theft/Stolen"
"43084ecb-78fa-450b-801c-ee4db8408913","***","2026-07-26T07:45:58.688Z","373","2607260002","Assault/Battery Offenses"
"d6c0c721-0876-4bd3-aba7-f7d1bc5fb8d2","***","2026-07-26T10:05:12.225Z","2","2607260032","Stolen Property Offenses"
"fdf62656-347e-4ec4-9776-f1244265244e","***","2026-07-26T10:05:41.132Z","2","2607260029","Motor Vehicle Theft/Stolen"
"7f6870e6-2fda-453a-94c4-0b6316e38f3d","***","2026-07-26T14:18:59.044Z","373","26-6941","Weapons Offense (Guns/Shots Fired)"
"fd3339b5-e41b-4241-a29a-4d34e9fb0ce9","***","2026-07-26T19:49:41.861Z","373","26-6941","Weapons Offense (Guns/Shots Fired)"
"007d6cd5-b2a1-4d94-8458-089cc5436a99","***","2026-07-26T20:30:25.514Z","373","26-0001","Motor Vehicle Theft/Stolen"
"b768761a-ec8a-4db0-8b2f-7004ad451503","***","2026-07-27T02:39:27.867Z","2","2607260029","Motor Vehicle Theft/Stolen"
"054fde04-948c-4547-9dd1-790b8aedf6b1","***","2026-07-27T02:51:41.219Z","605","26-6935","Assault/Battery Offenses"
"94b44aaa-8f5c-44e1-ab2b-2130dc9db292","***","2026-07-27T05:50:05.941Z","373","26-6962","Hit and Run/Car Accident"
"ea779df9-6f5a-42c0-b59f-c8f2960bdd0a","***","2026-07-27T10:39:26.365Z","605","2607270022","Motor Vehicle Theft/Stolen"
"9b6b95e3-74e6-4296-b685-9c38dabdd351","***","2026-07-27T13:09:36.895Z","605","2607270022","Motor Vehicle Theft/Stolen"
"1cd98279-818b-42ad-9f4d-14e049c520fd","***","2026-07-27T15:40:19.861Z","2","2607270056","Destruction/Damage/Vandalism of Property"
"b79cbfe3-62be-4940-8d02-a44695510dd7","***","2026-07-27T15:47:18.009Z","2","2607270056","Wanted Person (Arrest Warrant/Fugitive)"
"3f38fa17-36bc-45e2-b33b-0efaa0f9ee8c","***","2026-07-27T15:54:57.265Z","2","2607270056","Destruction/Damage/Vandalism of Property"
"e145400d-15bd-4251-95d4-e47f650c5607","***","2026-07-27T16:03:07.952Z","2","2607270056","Destruction/Damage/Vandalism of Property"
"5c76042d-7897-48fe-9a53-01c596c469ae","***","2026-07-27T19:38:50.751Z","373","26-6974","Protective/Protection Order"
"68672924-9ced-4252-bc9a-4dcd71d2d1f2","***","2026-07-27T19:42:01.817Z","2","2607270094","Larceny/Theft Offenses"
"1ce802c1-890b-4ff0-bad6-cfd3a443367d","***","2026-07-27T20:06:16.314Z","373","26-6974","Protective/Protection Order"
"35f69060-a872-471b-a05b-a5c576b348bb","***","2026-07-27T20:16:27.016Z","353","26-7010","Larceny/Theft Offenses"
"6da6474b-5075-4098-9caf-71c52cdb8609","***","2026-07-27T21:04:47.870Z","372","26-6779","Motor Vehicle Theft/Stolen"
"e7757287-4d6d-4379-8718-0a01650098c1","***","2026-07-28T02:50:28.855Z","606","2607270034","Traffic Infraction"
"de73729c-cc10-400f-8b38-5b99774821e1","***","2026-07-28T10:31:21.865Z","606","26-1","Motor Vehicle Theft/Stolen"
"e2ec8a69-54cb-4e30-9561-181d11b336c1","***","2026-07-28T12:09:04.349Z","606","26-7043","Motor Vehicle Theft/Stolen"
"05277e79-b4a5-4c70-ac58-e339503791b3","***","2026-07-28T12:13:58.117Z","373","26-6935","Assault/Battery Offenses"
"6eec62bd-e67d-45d7-b639-8dc7ceeb1c11","***","2026-07-28T14:18:56.779Z","373","26-7045","Assault/Battery Offenses"
"3ec2e135-8cef-4650-9c80-a40901e6f0bd","***","2026-07-28T14:31:38.186Z","373","26-6640","Robbery"
"05eee566-71e3-44f3-ac62-c81a0c012c99","***","2026-07-28T14:40:50.387Z","2","26-7045","Assault/Battery Offenses"
"988b1788-d1c9-485c-bb25-ba0af30e25f9","***","2026-07-28T14:45:39.708Z","373","26-6974","Wanted Person (Arrest Warrant/Fugitive)"
"9ed4c1b2-54bd-442f-bee8-386e378232d1","***","2026-07-28T15:21:54.919Z","373","26-7045","Assault/Battery Offenses"
"389c06fa-ccdb-4d16-bce9-ab2bb455dac6","***","2026-07-28T16:03:10.655Z","373","26-7045","Assault/Battery Offenses"
"3aa3821e-7875-4ac9-9c1e-7b1e60fad585","***","2026-07-28T22:13:03.436Z","373","26-6685","Assault/Battery Offenses"
"481d07c4-cbb2-4a48-be6f-9da84d19ddbf","***","2026-07-28T22:16:56.660Z","373","26-7045","Assault/Battery Offenses"
"e06ac2b7-ae07-47b6-a21d-f2b46e29d7b6","***","2026-07-29T14:51:14.100Z","373","26-7045","Assault/Battery Offenses"
"09157438-3f28-4c22-bcc2-4ea751213073","***","2026-07-29T15:05:42.479Z","373","26-6935","Weapons Offense (Guns/Shots Fired)"
"c4bcd456-a51d-4cea-ad79-02590473d3c6","***","2026-07-29T16:12:58.226Z","2","1","Traffic Infraction"
"44d3ba9d-a55d-4842-a6c1-a199944446c8","***","2026-07-29T16:14:52.749Z","373","26-1","Motor Vehicle Theft/Stolen"
"c5776462-5e97-412b-bdab-e1ade54e944e","***","2026-07-29T17:14:10.454Z","373","26-7082","Destruction/Damage/Vandalism of Property"
"260e6a3b-1538-4fca-b963-e6923f12014d","***","2026-07-29T18:48:15.443Z","373","26-1","Motor Vehicle Theft/Stolen"
"7a300403-8046-4fb1-8648-3ee4dc5c97a9","***","2026-07-29T19:13:31.335Z","372","2607290150","Assault/Battery Offenses"
"af8087c0-3972-4401-ad68-c1b1f95ab418","***","2026-07-29T19:43:59.637Z","373","26-1","Burglary/Breaking & Entering"
"3444af39-cbd8-4ca6-9b71-288de729ec02","***","2026-07-29T21:07:22.877Z","373","26-6126","Assault/Battery Offenses"
"6919cf32-a0da-4e97-84de-80ba24bf6e26","***","2026-07-29T22:51:32.388Z","373","701","Burglary/Breaking & Entering"
"85f1305c-ced1-47c5-be2a-8362c9c46b06","***","2026-07-30T00:34:06.525Z","372","26-095634","Arson"
"40b7f0f1-5f27-47c7-8038-1269fd9e6aa9","***","2026-07-30T00:52:15.314Z","373","26-7097","Weapons Offense (Guns/Shots Fired)"
"8eaa642f-2c48-4d64-ad0d-b4d28b24a9ba","***","2026-07-30T01:05:59.442Z","373","26-7097","Weapons Offense (Guns/Shots Fired)"
"91d8858c-bbe4-4209-b95b-78ff74c2846b","***","2026-07-30T05:31:08.273Z","2","2607290287","Assault/Battery Offenses (Domestic)"
"dd7d53a7-f8cd-4965-9b2c-c66d3930401d","***","2026-07-30T06:22:16.662Z","1","26-7092","Weapons Offense (Guns/Shots Fired)"
"1942e7d0-42a2-446a-a39a-52168138842e","***","2026-07-30T07:28:10.663Z","2","26-7025","Motor Vehicle Theft/Stolen"
"cf2d4a43-7fcb-407a-9026-2c38593573a3","***","2026-07-30T07:30:01.550Z","373","0701","Motor Vehicle Theft/Stolen"
"0c1ca7bf-313f-467a-895e-98a2869d9a9f","***","2026-07-30T07:52:42.781Z","373","26-7106","Stolen Property Offenses"
"3e5bbfd2-4a5b-4660-bd84-0645c6b73fa9","***","2026-07-30T15:18:28.469Z","2","26-1 outside agency","Burglary/Breaking & Entering"
"f346e3cf-e7af-48c7-a81e-9530808e0052","***","2026-07-30T16:37:18.691Z","373","26-7082","Destruction/Damage/Vandalism of Property"
"1234ef13-613d-4053-8906-c2368a7394ab","***","2026-07-30T17:20:58.466Z","2","26-1 msoa","Burglary/Breaking & Entering"
"0ad189ef-6039-44ba-afb1-92c21029e449","***","2026-07-30T17:24:47.387Z","2","1","Traffic Infraction"
"206791c9-c378-4d38-bd81-c5dfc32dbcd9","***","2026-07-30T18:30:21.266Z","373","26-7092","Weapons Offense (Guns/Shots Fired)"
"245d102a-3e12-4f2a-ac78-22e5401605b9","***","2026-07-30T18:32:26.618Z","2","26-7139","Hit and Run/Car Accident"
"8d7d20dc-a0b8-4641-80dd-8f1b7ef0e4da","***","2026-07-30T20:58:22.104Z","373","c6 21-1","Weapons Offense (Guns/Shots Fired)"
"f56e67f8-97a6-48d4-b5e2-52074bfacbaf","***","2026-07-30T21:09:12.703Z","1","26-6779","Burglary/Breaking & Entering"
"de57e660-8057-4662-a1ac-a34836f85187","***","2026-07-30T21:19:19.315Z","373","c6 21-1","Weapons Offense (Guns/Shots Fired)"
"0aab5b69-1a55-4c6e-a9e0-9b495c94a347","***","2026-07-30T21:53:37.568Z","352","26-6866","Counterfeiting/Forgery"
"298359e3-5a42-492b-8eda-bade5d44d3f3","***","2026-07-30T23:27:34.516Z","352","1","Traffic Infraction"
"11e67f9f-3748-4f57-8731-97412f811f09","***","2026-07-31T00:09:59.630Z","373","1","Motor Vehicle Theft/Stolen"
"68cbcf6a-344f-4ff0-a559-ea6fcfabe3c7","***","2026-07-31T00:41:35.386Z","2","2607300207","Motor Vehicle Theft/Stolen"
"99aa5a89-d5ff-4d3b-804c-9234e238403c","***","2026-07-31T01:32:10.685Z","601","2607300207","Motor Vehicle Theft/Stolen"
"e3f47a96-4000-4d7c-90ae-944d4048dc3c","***","2026-07-31T06:12:28.802Z","2","0701","Motor Vehicle Theft/Stolen"
"85dbeff2-16ad-405c-b302-b1d536e7098d","***","2026-07-31T07:57:03.464Z","373","2607310005","Criminal Motor Vehicle Offense (incl. Road Rage/Reckless)"
"637a20e4-3953-44f1-b093-cf89bda29ca3","***","2026-07-31T08:04:26.723Z","601","2607310005","Criminal Motor Vehicle Offense (incl. Road Rage/Reckless)"
"cbeb80ca-b8cc-4080-9f09-f68ac55f692a","***","2026-07-31T14:30:01.780Z","373","26-7106","Motor Vehicle Theft/Stolen"
"0d064997-f607-470a-b3ad-991170706bd6","***","2026-07-31T15:07:27.292Z","373","26-1 FEL WARRANT","Weapons Offense (Guns/Shots Fired)"
"7ddf9f6e-8814-4f2e-9edc-e7172c665dcc","***","2026-07-31T15:08:50.734Z","372","26-6779","Motor Vehicle Theft/Stolen"
"59d1cf1a-02d4-47ba-9c69-ec8aba748578","***","2026-07-31T16:04:15.842Z","373","26-7166","Missing/Endangered Person/Runaway"
"1aea17a8-3ace-4d94-952f-cbd36f95924b","***","2026-07-31T16:07:02.103Z","373","26-1 FEL WARRANT","Weapons Offense (Guns/Shots Fired)"
"7689e75f-0926-486e-9b99-3446564152b1","***","2026-07-31T16:10:14.639Z","373","26-7166","Missing/Endangered Person/Runaway"
"fb41f4fc-052e-426f-aa01-f4f2616199ec","***","2026-07-31T16:22:46.057Z","372","26-6779","Motor Vehicle Theft/Stolen"
"79e51967-fa33-4701-92c0-465d8d7bac50","***","2026-07-31T17:07:59.026Z","372","26-6612","Robbery"
"b6779c54-1444-4cd5-9487-6095f75945ab","***","2026-07-31T17:38:01.200Z","2","26-227975","Motor Vehicle Theft/Stolen"
"692ffb2f-f2b9-4e55-860e-73bc2c25f496","***","2026-07-31T17:38:36.889Z","373","1","Traffic Infraction"
"f33603e0-f3bf-43a2-9c4e-652d05a39c33","***","2026-07-31T17:39:15.425Z","373","26-1","Motor Vehicle Theft/Stolen"
"8cc5286f-0367-4088-a6a6-877be8a5b8c7","***","2026-07-31T17:54:26.697Z","373","1","Missing/Endangered Person/Runaway"
"cccca16a-99d6-4f4c-829b-aa5790d5c163","***","2026-07-31T18:51:14.864Z","373","1","Traffic Infraction"
"9f296917-9695-43b8-9f2c-14d3c541a868","***","2026-07-31T19:21:14.684Z","373","26-1","Disorderly Conduct/Disturbance"
"1e28b25b-0b67-48d8-a739-d04b7f3ff14d","***","2026-07-31T19:52:19.111Z","601","26-1","Motor Vehicle Theft/Stolen"
"be66d31e-dc97-4f68-8a0c-046904d935d2","***","2026-07-31T20:33:01.023Z","373","1","Traffic Infraction"
"614588bd-a2e8-461b-ab05-5f1ded79eacd","***","2026-07-31T20:47:25.354Z","372","2605190149","Traffic Infraction"
"8dbcaeb9-3e94-42dc-b144-a88c145a48d1","***","2026-07-31T21:45:01.751Z","373","26-07310161","Motor Vehicle Theft/Stolen"
"ee199e42-bca7-4b6d-b7f3-ba3657aa298b","***","2026-07-31T21:46:46.832Z","373","26-1","Motor Vehicle Theft/Stolen"
"ede3a974-60f5-4687-b14a-6beef4a9ffa5","***","2026-07-31T21:50:03.457Z","373","1","Motor Vehicle Theft/Stolen"
"9b9bc94d-3e04-466c-9824-b6e83fb65389","***","2026-07-31T21:53:40.073Z","373","1","Motor Vehicle Theft/Stolen"
"c22f6adc-bdf1-4f2d-82bf-350bc07c9e31","***","2026-07-31T22:04:03.539Z","602","26-1","Motor Vehicle Theft/Stolen"
"5406f76a-03c5-41a4-9d77-22224373e670","***","2026-07-31T22:06:40.279Z","373","1","Motor Vehicle Theft/Stolen"
"9b4bad5b-4db1-4e9c-8f5d-961a68409e69","***","2026-07-31T22:08:23.317Z","373","26-07310161","Motor Vehicle Theft/Stolen"
"320e374f-371c-4ed5-9bca-72527bf78d2a","***","2026-07-31T22:14:05.532Z","373","1","Motor Vehicle Theft/Stolen"
"0930d7df-ddd2-4a8f-b5c2-9ba249349a57","***","2026-07-31T22:27:05.675Z","2","2607310170","Assault/Battery Offenses"
"5263cc7b-d32f-4287-88c5-003bd8b32f67","***","2026-07-31T23:08:03.335Z","2","26-7166","Missing/Endangered Person/Runaway"
"8c440e30-b8f2-4c5d-b7e7-90c101c4a796","***","2026-08-01T01:56:49.636Z","602","1","Motor Vehicle Theft/Stolen"
"16666147-8061-4556-8d20-4d400d029dc8","***","2026-08-01T06:57:39.691Z","373","0701","Stolen Property Offenses"
"07f815f0-93ad-417c-b08f-43a1ef99aec6","***","2026-08-01T07:46:28.866Z","373","0701","Stolen Property Offenses"
"a334163c-5a35-4ac7-ab1a-5c3ca4033213","***","2026-08-01T23:09:41.579Z","373","2608010153","Destruction/Damage/Vandalism of Property"
"5b99b033-530f-4e87-8d87-d70a452e2cec","***","2026-08-02T00:03:12.764Z","373","26-7210","Destruction/Damage/Vandalism of Property"
"f49220b8-9142-4e81-88b8-04a6ec7e39d8","***","2026-08-02T01:07:57.292Z","373","26-7210","Destruction/Damage/Vandalism of Property"
"6320d3e3-3c09-4c76-ae72-ed25cde9f60f","***","2026-08-02T02:16:16.793Z","372","2608010195","Hit and Run/Car Accident"
"c2b127a2-baff-4e2d-b63c-ae37d4885e82","***","2026-08-02T02:27:21.879Z","352","26-5668","Homicide/Death Investigation"
"70010251-83a4-4e62-9155-74c6f815c637","***","2026-08-02T03:49:52.608Z","372","26-5668","Assault/Battery Offenses (Domestic)"
"3fc51cce-1653-4646-94cc-e4b520aec26d","***","2026-08-02T04:10:59.693Z","352","26-5668","Homicide/Death Investigation"
"d93a9163-f143-4190-841e-18187f9c3daa","***","2026-08-02T04:40:35.162Z","372","26-5668","Assault/Battery Offenses (Domestic)"
"e244caeb-2e15-4f5a-b265-3f4cf9ded40f","***","2026-08-02T05:11:49.526Z","372","26-5668","Assault/Battery Offenses (Domestic)"
"07e18fa2-6774-4729-949c-9f8b9dfa5b4a","***","2026-08-02T15:07:40.436Z","2","26-2090","Financial Crime (Embezzlement/Fraud)"
"2e405de5-397a-49ec-ae0c-93574b554da4","***","2026-08-02T19:57:17.812Z","373","267210","Destruction/Damage/Vandalism of Property"
"4d8cfa4b-08c5-45eb-8737-3c39728591e2","***","2026-08-02T20:00:13.095Z","373","26-7210","Destruction/Damage/Vandalism of Property"
"f2ee2df0-feee-47d5-acd0-8dffbc3d6c2f","***","2026-08-02T20:38:37.663Z","373","260001","Criminal Motor Vehicle Offense (incl. Road Rage/Reckless)"
"a6ecbf13-0032-4fde-ab47-1362b0155bfb","***","2026-08-02T21:26:45.122Z","373","26-0001","Assault/Battery Offenses (Domestic)"
"31b3bc92-d6d8-49a1-b9c1-4dfefeb286ac","***","2026-08-02T21:38:23.563Z","2","267224","Homicide/Death Investigation"
"b64fb221-0cb5-4a7b-b667-7e273d35de2e","***","2026-08-02T22:18:11.069Z","373","26-0001","Assault/Battery Offenses (Domestic)"
"26d53480-16dc-408e-80e8-721f4ca6ec84","***","2026-08-02T22:43:55.764Z","373","2608020123","Motor Vehicle Theft/Stolen"
"a77a29b0-581a-4d79-b5bf-9a285db9dd01","***","2026-08-03T01:43:45.854Z","372","26-7098","Homicide/Death Investigation"
"e13283f3-2285-4555-8851-350902b0b1d9","***","2026-08-03T01:46:01.927Z","373","26-7245","Assault/Battery Offenses"
"41837204-7433-4f77-87d8-cd7f43f24186","***","2026-08-03T05:06:35.086Z","373","26-7224","Homicide/Death Investigation"
"921ed800-81f7-4bae-a46c-d25e9a65846b","***","2026-08-03T05:36:13.491Z","373","26-7106","Motor Vehicle Theft/Stolen"
"95376e6c-7a50-4748-bc14-470360debc1c","***","2026-08-03T06:20:36.187Z","1","2608020207","Weapons Offense (Guns/Shots Fired)"
"ca4d70fb-2a09-486e-bd23-eb6afe8cb7e1","***","2026-08-03T09:03:24.725Z","373","2608020221","Traffic Infraction"
"5a4dd59b-8345-4727-a65e-a472fe9fe8ed","***","2026-08-03T10:23:48.251Z","373","26-7251","Weapons Offense (Guns/Shots Fired)"
"e9e29698-762e-47ae-9ad3-78f3810072e6","***","2026-08-03T10:34:34.580Z","373","26-7251","Weapons Offense (Guns/Shots Fired)"
"ab0f198c-99d2-4914-b0e4-505c191c0d21","***","2026-08-03T11:00:35.443Z","373","26-7251","Weapons Offense (Guns/Shots Fired)"
"5b377152-ed8a-4ae2-bc3a-4a8ad40a1b1d","***","2026-08-03T12:43:09.903Z","373","26-7251","Weapons Offense (Guns/Shots Fired)"
"841fc4a1-3a7c-488e-861e-b1eda0837564","***","2026-08-03T13:33:34.948Z","2","26-7251","Weapons Offense (Guns/Shots Fired)"
"5fbcd637-cec8-4c60-a553-152edcb761f5","***","2026-08-03T15:18:54.780Z","2","26-7224","Homicide/Death Investigation"
"e55cc9b0-aed2-404b-b303-6de05280a564","***","2026-08-03T20:24:16.040Z","352","26-7266","Stolen Property Offenses"