"id","userId","searchDate","networkCount","reason","caseNumber","offenseType"
"276bb33c-2bd4-43d4-89f7-9f9ffe7a9fd0","***","2026-07-27T02:04:44.374Z","1201","","","Motor Vehicle Theft/Stolen"
"a9f3a9c5-f04b-434a-885b-dc88849c4831","***","2026-07-27T02:05:07.710Z","1201","Tracking movement of suspected drug trafficker","","Drugs/Narcotics"
"f6501ca4-89b5-4e2d-bb6d-8a9b05ef2c19","***","2026-07-27T02:31:42.178Z","1201","multiple turn signal violations, corroborating story of travel","","Traffic Infraction"
"b22c8da3-8448-456c-a9ca-67fc99d8da8e","***","2026-07-27T14:30:06.943Z","2","","","Hit and Run/Car Accident"
"dbd7c6d1-ca11-4e16-8c15-45ef4b73c3b7","***","2026-07-27T15:16:43.366Z","1201","Vandalism to FLOCK Camera in West Ashley-Bulletin Being Created for Patrol","Intelligence Bulletin-CPD Vandalism to FLOCK Camera","Destruction/Damage/Vandalism of Property"
"baaae319-5039-4bab-935b-a115c413534a","***","2026-07-27T15:27:42.627Z","1201","RESEARCHING SUSPECT VEHICLE","2026005646","Motor Vehicle Theft/Stolen"
"a2b089fa-d018-4242-bb3c-f0e9024cf0cb","***","2026-07-27T15:31:02.528Z","1200","","","Larceny/Theft Offenses"
"febcb9bb-a677-4642-926b-22fe8bd008a3","***","2026-07-27T17:16:54.262Z","1200","Complainant's vehicle location","2026006005","Homicide/Death Investigation"
"fef30bc1-884d-4ff7-8c71-2e24a481cbc2","***","2026-07-27T17:43:11.560Z","1201","RESEARCHING SUSPECT VEHICLE","2026005918","Larceny/Theft Offenses"
"4f9a3f5f-a9e2-41a6-8859-108e093b7185","***","2026-07-28T10:49:06.592Z","2","Shoplifting","2026005932","Larceny/Theft Offenses"
"8c341418-20ee-44f3-937e-963fff699832","***","2026-07-28T11:52:13.445Z","1129","","","Drugs/Narcotics"
"298bcd6b-9135-4d47-a760-8a7b35e3b581","***","2026-07-28T12:10:54.192Z","1129","","","Drugs/Narcotics"
"01e792a6-6f18-4c2d-816e-21e939e517e1","***","2026-07-28T14:51:51.031Z","1200","","","Weapons Offense (Guns/Shots Fired)"
"2c244649-f983-4f61-b9fd-a666c17f82c5","***","2026-07-28T14:53:34.744Z","1129","","","Disorderly Conduct/Disturbance"
"227ec950-2846-40ca-969a-a3f7a3cef97a","***","2026-07-28T15:12:14.820Z","1201","RESEARCHING SUSPECT VEHICLE","2026005918","Larceny/Theft Offenses"
"8aa9d988-1fec-4930-bb7c-17a499b4c033","***","2026-07-28T15:25:16.538Z","2","","","Assault/Battery Offenses"
"d9f10ab4-34aa-47dd-bb57-7655fd0ead31","***","2026-07-28T16:42:16.938Z","1201","Suspicious Activity","","Other"
"583d51b1-f4d8-453c-b96c-3fe00d4e0903","***","2026-07-28T17:01:48.477Z","1201","RESEARCHING SUSPECT VEHICLE / INTEL PERSON OF INTEREST","CPD","Destruction/Damage/Vandalism of Property"
"ac260710-864c-49ee-9171-7c57acf33ae7","***","2026-07-28T17:49:30.663Z","1201","","","Larceny/Theft Offenses"
"6bf45e81-89f4-41d6-9d99-aa8f5400bb8b","***","2026-07-28T18:50:15.371Z","1201","Suspicious Activity","","Other"
"af17e7c7-b590-43c3-9a4f-be2aa3182735","***","2026-07-28T19:07:36.950Z","1201","Suspicious Activity","","Other"
"b7eea07e-1040-416e-b7df-dbd262790155","***","2026-07-28T22:45:36.675Z","1199","","","Assault/Battery Offenses (Domestic)"
"ee729edb-11a5-43b2-8a5a-e58368bfa5e0","***","2026-07-28T23:23:31.588Z","1199","","","Assault/Battery Offenses (Domestic)"
"81556185-00e6-4d71-9d2a-9fa8a85d75b9","***","2026-07-29T03:23:43.738Z","1127","","","Weapons Offense (Guns/Shots Fired)"
"cf934bf2-df13-4861-88a4-16350d2cce5b","***","2026-07-29T03:34:12.716Z","2","Stolen vhe bolo from NCPD","","Motor Vehicle Theft/Stolen"
"d0f50601-2ce8-4a39-8d9b-c5ec09dd8ec4","***","2026-07-29T04:24:54.923Z","2","Stolen vhe bolo from NCPD","","Motor Vehicle Theft/Stolen"
"0472bbd5-a5fe-4948-a69b-a128055a53ee","***","2026-07-29T05:23:03.121Z","2","Stolen vhe bolo from NCPD","","Motor Vehicle Theft/Stolen"
"58c1cb72-7970-4ab0-9021-5940717c2606","***","2026-07-29T07:43:00.431Z","2","Stolen vhe bolo from NCPD","","Motor Vehicle Theft/Stolen"
"ac3c7def-f3fb-414e-af45-bb471d65e6d4","***","2026-07-29T10:55:24.281Z","1200","","","Wanted Person (Arrest Warrant/Fugitive)"
"7ce76949-96eb-40ec-899e-d931c435b4a4","***","2026-07-29T12:14:10.149Z","2","","","Financial Crime (Embezzlement/Fraud)"
"6b210b08-2137-48eb-818f-0c61fbe11592","***","2026-07-29T13:38:13.120Z","5","RESEARCHING SUSPECT VEHICLE","2026005918","Larceny/Theft Offenses"
"4d1db6b7-1c56-4142-a884-1b3b3724e5c1","***","2026-07-29T13:41:03.538Z","1128","","","Traffic Infraction"
"7ee51061-2f3f-4563-9433-689898de4aa1","***","2026-07-29T13:41:56.585Z","2","","","Burglary/Breaking & Entering"
"9a7aa618-0f00-4024-8aa0-acbd1b351178","***","2026-07-29T14:58:01.598Z","1200","","","Drugs/Narcotics"
"c7723d25-bcb9-4d91-bb17-adba450137df","***","2026-07-29T15:00:25.240Z","1200","","","Drugs/Narcotics"
"4aceeee5-0728-43b7-9373-fef7d3320824","***","2026-07-29T15:56:16.648Z","1199","","","Destruction/Damage/Vandalism of Property"
"5244d6c3-e952-433b-a07a-e1ec7c588541","***","2026-07-29T15:57:12.163Z","1199","stolen trooper tag","","Stolen Property Offenses"
"534d4194-96c7-431e-946e-87f280703746","***","2026-07-29T16:31:47.991Z","1197","","","Stolen Property Offenses"
"70fd783d-0de4-4f98-b226-9a4e93000fbd","***","2026-07-29T17:34:50.624Z","1198","","","Wanted Person (Arrest Warrant/Fugitive)"
"a5310c67-780b-4ae6-bdc9-bffcdbdb4dfd","***","2026-07-29T19:01:59.033Z","1126","","","Wanted Person (Arrest Warrant/Fugitive)"
"482551d2-8542-48c6-913b-68e23abd54f7","***","2026-07-29T20:29:47.295Z","1126","","","Drugs/Narcotics"
"4b599a6b-df36-479f-ad8d-3193b576a98e","***","2026-07-30T00:49:46.837Z","1197","multiple turn signal violations, corroborating story of travel","","Traffic Infraction"
"c8fdd600-adf0-4aca-8f3f-e40c74229100","***","2026-07-30T00:50:21.386Z","1197","Tracking movement of suspected drug trafficker","","Drugs/Narcotics"
"8325c171-97cf-4252-ad5d-206544a39631","***","2026-07-30T06:37:33.370Z","1197","","2026006083","Larceny/Theft Offenses"
"554948d9-8605-40f7-b3dc-cde39d40a528","***","2026-07-30T11:07:20.058Z","2","B&E Auto","2026006044","Larceny/Theft Offenses"
"41e518dc-abb6-4777-b140-22f659500b8a","***","2026-07-30T12:58:44.649Z","5","RESEARCHING SUSPECT VEHICLE","2026005918","Larceny/Theft Offenses"
"5bf395b5-d66b-4792-a00b-f9a7259a4550","***","2026-07-30T13:40:42.815Z","1197","stolen trooper tag","","Stolen Property Offenses"
"4a57926d-5ec5-49e0-8d1b-1c6239687f6a","***","2026-07-30T13:41:25.942Z","2","","","Assault/Battery Offenses"
"b87d166b-a3da-4c81-b097-946c6777e868","***","2026-07-30T14:30:39.168Z","2","Road Rage/Pointing and Presenting","2026006066","Criminal Motor Vehicle Offense (incl. Road Rage/Reckless)"
"62f34891-a04d-46db-9753-9e1225547e73","***","2026-07-30T14:38:39.734Z","2","","","Assault/Battery Offenses"
"d5e94d4d-a908-4565-a0b1-b49c91a6902a","***","2026-07-30T16:45:23.852Z","1197","theft from motor veh","2026006088","Burglary/Breaking & Entering"
"c142cee6-3596-4610-b44f-6429323b293e","***","2026-07-30T18:10:02.623Z","1197","theft from motor veh","2026006088","Burglary/Breaking & Entering"
"e2d19a54-a056-44fe-a8b3-8dcb66a46fd0","***","2026-07-30T18:16:51.310Z","1198","","","Drugs/Narcotics"
"141120e8-4d1f-49b1-bf1f-0066878fb3d3","***","2026-07-30T19:00:06.905Z","2","warrant service","2026005975","Drugs/Narcotics"
"f0ed1ee6-b675-4f1f-9873-747536b5f0e8","***","2026-07-30T19:39:58.151Z","1198","","","Drugs/Narcotics"
"8a40ff50-e8b4-484e-9107-c188e522bde4","***","2026-07-30T20:08:58.751Z","2","warrant service","2026005975","Drugs/Narcotics"
"24c9d748-4cc9-498e-b9a9-703230f0df75","***","2026-07-31T01:12:17.761Z","1197","Tracking movement of suspected drug trafficker","","Drugs/Narcotics"
"4b3b345f-5544-426c-a2b6-c44c763b386f","***","2026-07-31T02:36:06.839Z","1197","Tracking movement of suspected drug trafficker","","Drugs/Narcotics"
"a646864a-bdd6-4cb5-88c6-181d4947ea33","***","2026-07-31T03:24:58.514Z","1197","light violation, verifying story of travel","","Traffic Infraction"
"840a4654-2cf0-4b46-871a-89c45067fca8","***","2026-07-31T05:27:18.702Z","2","Tracking movement of suspected drug trafficker","","Drugs/Narcotics"
"99370f31-ffbb-47ca-9208-3fb12918b842","***","2026-07-31T11:33:15.646Z","1197","","","Motor Vehicle Theft/Stolen"
"9f481eca-f821-44e9-8205-2ccaf3f820aa","***","2026-07-31T13:31:51.962Z","1126","","","Drugs/Narcotics"
"00b2af12-c8a6-495c-bdc4-ee5589790380","***","2026-07-31T14:12:36.359Z","1125","","","Drugs/Narcotics"
"38c8924d-e8e8-4a55-989b-3fafb489780d","***","2026-07-31T14:32:16.999Z","2","","2026006083","Larceny/Theft Offenses"
"2e7eab61-6d3f-4317-9377-f263d250e268","***","2026-07-31T14:40:54.860Z","1197","Theft of License Tag","2026005650","Larceny/Theft Offenses"
"b3ca54af-e6b5-4d1c-821e-dac4cfb112cd","***","2026-07-31T15:25:24.245Z","2","","","Assault/Battery Offenses (Domestic)"
"6f74aefd-3960-4aa1-a48d-53ba0a3e8915","***","2026-07-31T15:26:52.653Z","1197","RESEARCHING SUSPECT VEHICLE","CAD 202600498288","Assault/Battery Offenses (Domestic)"
"0648026d-e197-470b-a7a6-d90b40c2cafc","***","2026-07-31T17:22:59.624Z","2","","","Hit and Run/Car Accident"
"9bed3c13-0ea2-4fd3-9131-3a617b06808d","***","2026-07-31T17:28:20.873Z","1196","","","Weapons Offense (Guns/Shots Fired)"
"8f254e6d-b2b3-40e3-b0fa-787758cdd819","***","2026-07-31T18:12:28.005Z","1125","","","Drugs/Narcotics"
"c87b19f9-13ec-49d1-907d-1ca48642ebd2","***","2026-07-31T20:49:56.615Z","1195","RESEARCHING SUSPECT VEHICLE","2026005848","Hit and Run/Car Accident"
"1c49d47c-3c2d-4d9b-901f-1e60a734a2e7","***","2026-07-31T21:19:33.499Z","1195","RESEARCHING SUSPECT VEHICLE","2026005848","Hit and Run/Car Accident"
"5bbc9dff-8ae5-4b06-aff3-fcca1b31d10e","***","2026-07-31T22:25:44.017Z","1194","","","Traffic Infraction"
"bf67622b-8081-4b1b-bbc8-85687fd20d57","***","2026-08-01T01:10:21.958Z","1194","Tracking movement of suspected drug trafficker","","Drugs/Narcotics"
"5e233c2a-9196-47a3-b917-ad245c782e74","***","2026-08-01T01:20:46.663Z","1194","Speeding/ Story of travel corroboration","","Traffic Infraction"
"2766295a-f722-48ce-8b84-b6da7a383304","***","2026-08-01T04:46:29.274Z","1194","Story of travel corroboration","","Traffic Infraction"
"75baf745-6b07-4ba6-84ee-d933613c7d65","***","2026-08-01T07:28:47.546Z","1194","Story of travel corroboration","","Traffic Infraction"
"7b001fd2-79cd-4ba7-bd6e-b9f2d14e234c","***","2026-08-01T23:37:43.234Z","1193","","","Disorderly Conduct/Disturbance"
"c681265a-1cee-44c4-b020-60a52e87b2de","***","2026-08-02T03:26:41.234Z","1193","reckless driving","","Other"
"29e8bf39-7de3-49ed-af36-4511ec482930","***","2026-08-02T21:46:56.415Z","1122","","","Drugs/Narcotics"
"57b90de9-42de-4887-835c-79f41d182c39","***","2026-08-02T22:28:58.016Z","1193","","","Assault/Battery Offenses"
"0d93a480-a141-458e-9d40-a501c52a1868","***","2026-08-03T01:18:16.853Z","1193","Story of travel corroboration","","Traffic Infraction"
"76c76971-c00d-4559-8f52-d4f882d2147e","***","2026-08-03T12:57:29.903Z","1122","","","Wanted Person (Arrest Warrant/Fugitive)"
"3a229c6b-1cc7-4854-a631-63a6d57ce9f8","***","2026-08-03T13:31:22.604Z","1122","","","Wanted Person (Arrest Warrant/Fugitive)"
"94c4007f-8992-4d5b-8175-54ee2f89603b","***","2026-08-03T13:37:29.593Z","1194","RESEARCHING SUSPECT VEHICLE","2026005848","Hit and Run/Car Accident"
"9076ef0b-06fa-4580-9787-a023149b37c4","***","2026-08-03T17:31:08.533Z","1122","","","Drugs/Narcotics"
"95665380-fa3c-4c65-b2f3-d12f510d157c","***","2026-08-03T18:31:03.228Z","1122","","","Drugs/Narcotics"
"f0cc9368-f4bf-4acd-8dfa-9ee59d13cf3d","***","2026-08-03T18:59:43.954Z","1194","Suspicious Activity","","Other"
"570c8d7b-b1c6-4bdc-bd06-c216cc54a87d","***","2026-08-03T20:56:10.699Z","2","RESEARCHING SUSPECT VEHICLE","2026006235","Assault/Battery Offenses"
"c7a23ce0-a537-4863-b54f-f9a33e43448f","***","2026-08-03T21:47:45.627Z","2","RESEARCHING SUSPECT VEHICLE","2026006235","Threats/Harassment"
"be7e6364-7f37-410d-95cb-444981c53a26","***","2026-08-03T21:49:50.178Z","1193","threatening to kill officer","2026006248","Disturbing Public Peace/Riot"
"bd8fd401-bde7-41f5-9a27-f25467bae523","***","2026-08-03T21:53:49.395Z","1194","Wanted person","","Wanted Person (Arrest Warrant/Fugitive)"
"7cb21bf6-bc1d-457e-867b-08764edbb15c","***","2026-08-03T22:01:20.387Z","1194","Wanted person","","Wanted Person (Arrest Warrant/Fugitive)"
"c6ba1905-19ff-49b3-9fbb-5893085e462d","***","2026-08-03T22:08:32.502Z","2","RESEARCHING SUSPECT VEHICLE","2026006220","Assault/Battery Offenses"
"132a78be-8c59-4f1a-8b10-022dccaef6dc","***","2026-08-03T22:17:52.670Z","1193","warrants","2026006235","Assault/Battery Offenses"
"c08e0143-1c5d-46bf-91b8-82cc5c3e9e80","***","2026-08-03T22:24:00.553Z","2","","","Threats/Harassment"
"fcdacd66-0b7d-4d65-9003-8c75cf0920f2","***","2026-08-03T22:46:05.163Z","1193","suspicious vehicle","","Other"
"d3d88a13-ae8f-4025-a659-b7852c812bef","***","2026-08-03T23:07:21.925Z","1193","suspicious vehicle","","Other"
"1b61cb4b-f972-4286-856b-3d434d455326","***","2026-08-03T23:16:21.388Z","1194","Wanted person","","Wanted Person (Arrest Warrant/Fugitive)"
"327876ab-938a-4c8e-9e8a-c804857e51eb","***","2026-08-03T23:36:37.413Z","2","","","Threats/Harassment"
"19c19cec-e2ca-4a1e-9042-35d4674ec289","***","2026-08-03T23:39:36.823Z","1193","","2026006220","Assault/Battery Offenses (Domestic)"
"733ef260-bb7c-4e5b-bfed-8bc52dcda3d6","***","2026-08-03T23:48:02.526Z","1193","","","Assault/Battery Offenses"
"fc9d778a-9542-411f-86f4-caee5331c33e","***","2026-08-04T00:00:13.561Z","1194","Wanted person","","Wanted Person (Arrest Warrant/Fugitive)"
"f7207da9-e2e6-4695-bec5-3587ee9aaab0","***","2026-08-04T00:01:00.421Z","1193","suspicious vehicle","","Other"
"4a722a2a-79c5-45b2-ac83-b247568f7d14","***","2026-08-04T00:01:39.020Z","1193","","","Assault/Battery Offenses"
"43c58667-ff61-489f-80b7-4b7a010c013f","***","2026-08-04T00:02:40.458Z","1193","","2026006220","Assault/Battery Offenses (Domestic)"
"df998c4d-0880-48df-9c26-81edbc1689a4","***","2026-08-04T00:03:59.622Z","1193","","","Threats/Harassment"
"02afaefa-4f8c-48d1-8be0-e7cf7e1fa22a","***","2026-08-04T00:41:06.281Z","1121","","","Wanted Person (Arrest Warrant/Fugitive)"
"47e40a7f-9b06-446f-9d68-6b950d21410d","***","2026-08-04T01:13:54.678Z","1193","","2026006220","Assault/Battery Offenses (Domestic)"
"4ee7f6b0-131a-476d-94f8-18fef8f3bb85","***","2026-08-04T12:26:02.554Z","1194","Assault and Battery 3rd/Threatened to Shoot Police Officer","2026006254","Assault/Battery Offenses"
"8db54334-11d5-4e18-9e58-f6ece7f8c4ba","***","2026-08-04T13:11:20.772Z","1194","RESEARCHING SUSPECT VEHICLE","2026006220","Assault/Battery Offenses"
"74528be3-2d28-42bc-9896-28b967430d73","***","2026-08-04T15:36:16.757Z","1194","Verifying Travel and Location of involved party","2026006005","Other"
"d9992893-583b-4fc7-9ff1-04e5c65a9ad1","***","2026-08-04T18:31:12.271Z","1193","threatening to kill officer","2026006248","Disturbing Public Peace/Riot"
"30f3ad41-260c-4aa7-a592-fe14b856ad69","***","2026-08-04T18:57:24.184Z","1194","Suspicious Activity","","Other"
"77a026b1-99ca-4af8-823d-3e23e03a39e9","***","2026-08-04T21:32:23.958Z","1192","","","Driving Under the Influence (DUI/DWI/OWI/OVI)"
"9e7635cd-18ff-46e4-8a8b-ed242ba5f3f9","***","2026-08-04T23:40:24.289Z","1119","","","Drugs/Narcotics"
"83f9c4a0-3e2c-421a-b6b4-d950da1cfbe5","***","2026-08-05T01:49:46.906Z","1191","","2026006282","Hit and Run/Car Accident"
"940034ee-c219-45f5-8c06-24cf4a7de757","***","2026-08-05T02:08:15.141Z","2","","2026006282","Hit and Run/Car Accident"
"77aa2f37-0b16-40c5-b1a1-6af3242e6592","***","2026-08-05T02:08:57.852Z","2","suspect vehicle","2026006282","Hit and Run/Car Accident"
"66d4f5cc-21c7-43a7-bdf3-19678f7b6a19","***","2026-08-05T10:35:19.066Z","1192","","","Wanted Person (Arrest Warrant/Fugitive)"
"82143a71-9405-444b-8c9d-8fdabc879014","***","2026-08-05T11:10:12.285Z","1192","","","Wanted Person (Arrest Warrant/Fugitive)"
"559cc8a9-e62e-4013-a221-0b080f0de5ae","***","2026-08-05T13:28:28.431Z","1116","","","Drugs/Narcotics"
"c2439ab6-0a17-44ba-8e28-ee89d2086f36","***","2026-08-05T15:45:15.641Z","1189","RESEARCHING SUSPECT VEHICLE","2026006220","Assault/Battery Offenses"
"a1303d40-3b9e-4374-8fde-73c4823d4ba8","***","2026-08-05T16:59:32.257Z","2","","","Wanted Person (Arrest Warrant/Fugitive)"
"23414cb5-82e5-4c98-b544-c042bc435e81","***","2026-08-05T17:01:09.471Z","2","","","Wanted Person (Arrest Warrant/Fugitive)"
"9a3d0204-f6b7-487c-a960-2de027daa09a","***","2026-08-05T17:25:22.922Z","1189","RESEARCHING SUSPECT VEHICLE / WANTED SUBJECT WHO RESIDES AND DRIVES IN TOWN","CAD 202600509172","Drugs/Narcotics"
"6a8d4c57-adac-4616-a4d8-e55b1b3b628f","***","2026-08-05T18:09:17.758Z","1","Package Theft","2026006277","Larceny/Theft Offenses"
"81da21b4-7246-4686-b40b-be4616521d5b","***","2026-08-05T18:20:07.781Z","1188","Possible lyft suspect vehicle","2026006240","Larceny/Theft Offenses"
"fdc2fba5-055e-4a18-9d59-4d7663114f7c","***","2026-08-05T18:21:27.885Z","1189","RESEARCHING SUSPECT VEHICLE / WANTED SUBJECT WHO RESIDES AND DRIVES IN TOWN","CAD 202600509172","Drugs/Narcotics"
"f95f344b-b5a5-4d86-bcd0-b8889bb565fd","***","2026-08-05T18:34:13.612Z","2","suspect vehicle","ct237103894","Sex Offenses"
"d4af59b6-c809-4d78-a8c2-dde5b1eaff82","***","2026-08-05T18:42:30.529Z","1188","","","Missing/Endangered Person/Runaway"
"8156376d-383b-4195-ae13-8c999ef56aa6","***","2026-08-05T20:57:14.768Z","1116","","","Drugs/Narcotics"
"75fe4018-9181-41d6-91bd-31263ae29559","***","2026-08-06T04:57:27.019Z","2","","","Assault/Battery Offenses"
"86dae274-c761-482b-8041-b3d595b3047e","***","2026-08-06T05:00:17.706Z","1115","","","Assault/Battery Offenses"
"a427baa0-058f-4274-be9d-9c84e86db033","***","2026-08-06T06:39:54.184Z","1188","Suspect left in vehicle","2026006314","Assault/Battery Offenses"
"585df4c6-648b-492c-9c0c-49883bd6a201","***","2026-08-06T06:54:29.382Z","1188","","2026006314","Assault/Battery Offenses"
"8aa23c6b-bdd9-4b0c-9216-24c1058ef4ed","***","2026-08-06T07:03:49.503Z","1115","","","Assault/Battery Offenses"
"fa82eaa4-3200-4587-b400-f59b566fa8c1","***","2026-08-06T11:09:59.269Z","2","Package Theft","2026006277","Larceny/Theft Offenses"
"d28c3aad-959f-4b03-8119-71f7f730075f","***","2026-08-06T11:17:13.364Z","35","package theft","2026006277","Larceny/Theft Offenses"
"f37d4a65-5159-467b-918f-3d849a918f0e","***","2026-08-06T13:02:27.487Z","1115","","","Drugs/Narcotics"
"b82448cd-d90e-4401-8111-c27117e83c8b","***","2026-08-06T13:24:18.600Z","1188","RESEARCHING SUSPECT VEHICLE / WANTED SUBJECT WHO RESIDES AND DRIVES IN TOWN","CAD 202600509172","Drugs/Narcotics"
"3aaafc68-cbcb-4c59-8f9d-2cced0157a52","***","2026-08-06T13:24:44.502Z","1188","RESEARCHING SUSPECT VEHICLE","2026006314","Assault/Battery Offenses"
"11743107-0d59-45ed-ad30-03d64752f96a","***","2026-08-06T14:03:06.732Z","1115","","","Drugs/Narcotics"
"9dcc8e63-3056-4b10-aa13-21f62db25a48","***","2026-08-06T15:03:58.841Z","1185","assist  Georgetown locating","","Trespass"
"7c83c270-1494-4c58-8d46-32122277acf8","***","2026-08-06T15:08:01.349Z","1113","","","Drugs/Narcotics"
"85c855fa-39c9-4c9e-9811-ec5527f7e4ed","***","2026-08-06T15:17:54.000Z","1113","Suspicious Activity","","Other"
"c996da81-5ecf-41f7-97ed-5169ee66580d","***","2026-08-06T15:47:11.401Z","2","","","Larceny/Theft Offenses"
"68db20a2-9543-4896-822b-f62afb95a811","***","2026-08-06T17:05:55.070Z","1113","","","Drugs/Narcotics"
"bcf61301-6633-4214-b501-ec4e68246b2b","***","2026-08-06T17:13:59.593Z","1185","","","Larceny/Theft Offenses"
"680f9131-94e5-4065-8697-4665dd9201d2","***","2026-08-06T19:29:33.629Z","1112","Suspicious Activity","","Other"
"6fdb51c1-e6dd-4f0f-9e14-bbd25c38f14c","***","2026-08-07T04:23:01.081Z","1111","","","Assault/Battery Offenses"
"3824e446-b48b-40b6-a965-7abc64a5040e","***","2026-08-07T04:25:03.679Z","2","assault second and theft <2,000","2026006345","Assault/Battery Offenses"
"b6334323-f382-4553-8dd8-39ed7361323c","***","2026-08-07T05:01:52.263Z","1111","","2026006345","Assault/Battery Offenses"
"bc23ba90-fe11-49fe-a476-0bd907544025","***","2026-08-07T10:25:49.228Z","2","FBI National Threat Assessment Aug 6th, 2026-Schwerin","FBI National Threat Assessment","Drugs/Narcotics"
"65416619-c45d-4f93-bbe4-b070c48aff70","***","2026-08-07T11:09:30.753Z","35","ICAC","","Sex Offenses"
"1e8603c3-dd1d-4230-b3ae-b257dad74020","***","2026-08-07T12:44:28.190Z","1184","Story of travel corroboration","","Traffic Infraction"
"af71c453-0c7d-4b0d-bb8c-009cbd9308c8","***","2026-08-07T13:02:04.184Z","35","CofC theft case","26-0488","Larceny/Theft Offenses"
"835f2383-f3bc-4adf-bae6-0d2854a85b86","***","2026-08-07T15:12:20.629Z","1185","RESEARCHING SUSPECT VEHICLE","CAD 202600513454","Missing/Endangered Person/Runaway"
"80663233-c1d0-4b08-b2d0-86aaffacae5b","***","2026-08-07T15:35:13.605Z","1184","Tracking plate of  suspected shoplifter from Walmart","","Larceny/Theft Offenses"
"962a3b04-444b-48f3-bf2d-9ea81f4f2a05","***","2026-08-07T16:02:05.404Z","2","RESEARCHING SUSPECT VEHICLE","CAD 202600513508","Larceny/Theft Offenses"
"9543512c-37d1-4cf2-bacd-11aaab2e50a7","***","2026-08-07T16:07:23.612Z","2","Walmart shoplifting sus vehicle","2026006356","Larceny/Theft Offenses"
"617cac71-7d7f-44ae-868a-b41d2b2057b3","***","2026-08-07T16:22:53.775Z","2","Tracking plate of  suspected shoplifter from Walmart","","Larceny/Theft Offenses"
"44d0f6d6-abfe-4a8e-bcea-ccc8b594570a","***","2026-08-07T17:10:30.789Z","2","Walmart shoplifting sus vehicle","2026006356","Larceny/Theft Offenses"
"c510b2ce-0469-467b-9d2d-f03b7c4bcf9e","***","2026-08-07T17:16:56.228Z","2","RESEARCHING SUSPECT VEHICLE","2026006356","Larceny/Theft Offenses"
"8342178e-2bd9-4056-9e91-6864fce739bd","***","2026-08-07T19:16:07.164Z","1184","","","Larceny/Theft Offenses"
"fc74070e-ff59-47c7-8e92-57493db59ffe","***","2026-08-07T19:19:28.825Z","1","RESEARCHING SUSPECT VEHICLE","2026006356","Larceny/Theft Offenses"
"16ed156c-fe72-4f60-9182-314872a4368c","***","2026-08-07T20:37:49.406Z","2","RESEARCHING SUSPECT VEHICLE","202600514158","Larceny/Theft Offenses"
"fd3623d8-8c1f-4589-b7e0-41edc87317c7","***","2026-08-07T23:10:40.701Z","1112","","","Drugs/Narcotics"
"5d4f9c81-4249-42ec-9361-7ad22c0735d1","***","2026-08-07T23:56:44.461Z","1184","","","Financial Crime (Embezzlement/Fraud)"
"5a1d4eab-6ba1-460c-a9f8-1dabea4def5e","***","2026-08-08T00:45:55.876Z","1184","","","Financial Crime (Embezzlement/Fraud)"
"be3578b9-485e-4a6a-a4ad-a836ca5a51e6","***","2026-08-08T00:46:12.913Z","1112","","","Drugs/Narcotics"
"d77bbbe4-9879-4541-869b-9e48ead9b340","***","2026-08-08T01:56:20.905Z","2","suspect vehicle","2026006282","Hit and Run/Car Accident"
"0b3c2436-80dd-49dd-a440-a411ab4d4664","***","2026-08-08T02:07:45.799Z","1184","shoplifting suspect","","Larceny/Theft Offenses"
"cfea292b-8335-4c40-8d17-d36e34aa4481","***","2026-08-08T03:39:43.790Z","1184","","","Driving Under the Influence (DUI/DWI/OWI/OVI)"
"a4b56f00-ddb0-4635-88ec-e766b46145ec","***","2026-08-08T04:41:58.686Z","1","disturbance","2026006383","Disorderly Conduct/Disturbance"
"1c513b08-82b0-42e8-9bc4-35c3f852d3fe","***","2026-08-08T05:31:20.608Z","1184","reckless driving","","Criminal Motor Vehicle Offense (incl. Road Rage/Reckless)"
"1e8da9ec-f4e6-4095-97fa-dfa5697670f4","***","2026-08-08T05:32:50.102Z","2","failure to stop","","Other"
"01f09e88-dcbd-46ec-9202-2e40ec64e4e2","***","2026-08-08T14:21:22.996Z","2","","","Missing/Endangered Person/Runaway"
"44a1df2e-233e-48e1-8ef3-725826494db1","***","2026-08-08T15:02:32.995Z","1184","Tracking plate of  suspected shoplifter from Walmart","","Drugs/Narcotics"
"9b7f2380-2cc5-4b29-a844-0bf788159ab2","***","2026-08-08T16:10:21.411Z","2","Traffic stop/ Vehicle travel verification","","Traffic Infraction"
"b3112a57-fcb1-4d74-80b3-61aa150da4ba","***","2026-08-08T17:58:43.952Z","1184","Suspect vehicle","202606275","Financial Crime (Embezzlement/Fraud)"
"bf8d265b-e217-46e7-bade-b6aa72d96c81","***","2026-08-08T18:53:50.913Z","1184","threatening to kill officer","2026006248","Disturbing Public Peace/Riot"
"27965d88-7bfe-4078-a57d-4205e44bb298","***","2026-08-08T23:30:50.907Z","1184","Suspect vehicle","202606275","Financial Crime (Embezzlement/Fraud)"
"4f5c356a-3dfb-4b52-ab64-5bebf97df0ff","***","2026-08-09T00:11:20.450Z","1184","Suspect vehicle","202606275","Financial Crime (Embezzlement/Fraud)"
"df27a7b1-5fec-457e-927e-4388dd9e520e","***","2026-08-09T01:04:57.289Z","2","Suspect vehicle","202606275","Financial Crime (Embezzlement/Fraud)"
"cc4e0871-09a6-4ba9-8b88-33bbc2789958","***","2026-08-09T02:00:29.061Z","2","Suspect vehicle","202606275","Financial Crime (Embezzlement/Fraud)"
"22409ff5-4a48-481c-81f1-5942e3a3b35f","***","2026-08-09T03:04:19.120Z","2","suspect vehicle","2026006282","Hit and Run/Car Accident"
"3a4b359a-39a9-4858-a806-860ae0a6e7a9","***","2026-08-09T04:01:14.116Z","2","ding dong ditch","202600516812","Disorderly Conduct/Disturbance"
"6e3095f9-bedb-40dd-94b6-6181a5388007","***","2026-08-09T12:09:51.188Z","1184","suspicious activity, verifying travel","","Traffic Infraction"
"c4e5e829-5764-47b3-bfac-a937baca4e9b","***","2026-08-09T13:22:31.341Z","2","Dispatch informed by a caller of vehicle possibly travelling into juristiction with narcotics","","Drugs/Narcotics"
"4417e732-1a3f-4a18-aa04-14376df5a14e","***","2026-08-09T18:53:26.417Z","1184","","","Larceny/Theft Offenses"
"6c7f41b7-3fb5-4eac-8295-cfb8e43a0ebe","***","2026-08-09T18:53:47.716Z","1184","Suspect vehicle","202606275","Financial Crime (Embezzlement/Fraud)"
"f7120ee2-81b3-47e7-b811-942ab63466db","***","2026-08-09T19:09:09.190Z","1184","","","Larceny/Theft Offenses"
"35f3c692-b9ff-4585-9d72-b9bef30c8d20","***","2026-08-09T19:18:05.223Z","1184","Suspect vehicle","2026006275","Financial Crime (Embezzlement/Fraud)"
"83b6301a-d2ed-4940-a994-2e689dfd918d","***","2026-08-09T19:27:17.759Z","2","Locate","","Hit and Run/Car Accident"
"b29dec05-47b8-4d91-9fb4-1c6593088175","***","2026-08-09T21:12:37.263Z","1184","Suspect vehicle","2026006275","Financial Crime (Embezzlement/Fraud)"
"a8b8ab05-d9b2-4f31-8580-e5b6a0ad6ebe","***","2026-08-10T03:37:51.729Z","2","stolen vehicle","","Motor Vehicle Theft/Stolen"
"b914475e-c921-471e-be8e-3ef2b131c552","***","2026-08-10T03:37:59.727Z","2","","202600518670","Larceny/Theft Offenses"
"04833fbc-fda3-4fd4-905f-09ccc8c8a2f5","***","2026-08-10T03:38:48.755Z","1184","","","Motor Vehicle Theft/Stolen"
"2ad539e5-f938-4ae3-8728-e6bf62be28a8","***","2026-08-10T03:40:33.793Z","2","","","Motor Vehicle Theft/Stolen"
"1589597e-dac9-4a7f-a767-096a5e071e16","***","2026-08-10T04:30:09.754Z","2","","202600518670","Larceny/Theft Offenses"
"8a241de2-aecc-41fe-a54d-ce23e4a543b2","***","2026-08-10T05:07:44.222Z","2","","202600518670","Larceny/Theft Offenses"
"76a92d7e-3878-4c55-b5f7-afb4d81b32af","***","2026-08-10T05:11:19.762Z","2","stolen vehicle and wanted subject","2026006434","Larceny/Theft Offenses"
"dc4f49eb-4643-43ce-bda6-7de0de2ede2e","***","2026-08-10T06:06:05.901Z","2","stolen vehicle and wanted subject","2026006434","Larceny/Theft Offenses"
"c79693c0-1dbb-4797-8f13-619088c6762f","***","2026-08-10T11:49:15.245Z","1","Credit Card Fraud at REI","","Financial Crime (Embezzlement/Fraud)"
"2a55887d-611a-496e-810d-9ae77d76a253","***","2026-08-10T13:48:30.713Z","2","Theft of Tires","2026006368","Larceny/Theft Offenses"
"19dcfb3b-f8fd-4503-a306-bcd8f7e8cc32","***","2026-08-10T13:58:01.783Z","2","RESEARCHING SUSPECT VEHICLE","202600514158","Larceny/Theft Offenses"
"10df5ccf-f95e-4f7c-8728-d30f6e47c8c9","***","2026-08-10T13:58:37.237Z","2","RESEARCHING SUSPECT VEHICLE / DETERMINING TIES TO MOUNT PLEASANT","CPD OCA 2613031","Larceny/Theft Offenses"
"a3bc63a7-b094-4168-a935-bc87ab744c0a","***","2026-08-10T14:17:13.041Z","2","Dispatch informed by a caller of vehicle possibly travelling into juristiction with narcotics","","Drugs/Narcotics"
"2a009f61-ad70-490f-a3d4-f835195d46d3","***","2026-08-10T14:37:57.785Z","2","RESEARCHING SUSPECT VEHICLE / DETERMINING TIES TO MOUNT PLEASANT","CPD OCA 2613031","Larceny/Theft Offenses"
"dea11cbb-4bce-4e77-85a4-1badc2cda6cf","***","2026-08-10T16:48:11.306Z","1182","Suspect vehicle","2026006275","Financial Crime (Embezzlement/Fraud)"
"0668d659-a929-4a35-998f-32806a21c326","***","2026-08-10T17:09:35.642Z","1182","Suspect vehicle","2026006275","Financial Crime (Embezzlement/Fraud)"
"b0a5a336-26ce-4ed0-8ebe-010ca6d4b653","***","2026-08-10T18:01:34.092Z","2","illegally displayed tag","","Traffic Infraction"
"637493a1-6db3-47a8-a975-6f2d52c7826e","***","2026-08-10T18:03:45.776Z","2","Suspect vehicle","2026006275","Financial Crime (Embezzlement/Fraud)"
"d4110bb0-5733-49a6-9835-b7b7c8fbd3d4","***","2026-08-10T18:27:49.892Z","1183","RESEARCHING SUSPECT VEHICLE / LOCATIONS SINCE THEFT","2026000083","Larceny/Theft Offenses"
"e5b08980-413e-4c51-bc39-63bb400e9b22","***","2026-08-10T21:15:56.747Z","1108","","","Drugs/Narcotics"
"993b872a-030f-4ebb-8998-2793d9f4f21b","***","2026-08-11T02:42:32.653Z","2","","2026006464","Criminal Motor Vehicle Offense (incl. Road Rage/Reckless)"
"82baf74b-7930-4a8b-9199-b2615887f19f","***","2026-08-11T03:00:20.617Z","1181","","2026006464","Criminal Motor Vehicle Offense (incl. Road Rage/Reckless)"
"46474ba0-3a92-49b3-af7d-714e3d92f85c","***","2026-08-11T14:04:35.619Z","1181","","","Larceny/Theft Offenses"
"75f7f14e-0237-4f4d-8af9-29d94999c6a4","***","2026-08-11T14:04:52.825Z","2","Suspect vehicle","2026006275","Financial Crime (Embezzlement/Fraud)"
"dfee3124-673f-4957-8b0c-b3ccda866581","***","2026-08-11T16:47:05.480Z","1182","RESEARCHING SUSPECT VEHICLE / LOCATIONS SINCE THEFT","2026000083","Larceny/Theft Offenses"
"5395be1f-58c6-4d59-9c73-0010429ef8e7","***","2026-08-11T18:45:21.759Z","1108","","","Drugs/Narcotics"
"c2aca636-c4e2-4c0a-9fd8-9dba2bf673d7","***","2026-08-11T19:21:50.610Z","1108","","","Drugs/Narcotics"
"852ce699-5fac-4d17-a80d-756e8d91061f","***","2026-08-11T19:25:05.027Z","1182","RESEARCHING SUSPECT VEHICLE / LOCATIONS SINCE THEFT","2026006480","Larceny/Theft Offenses"
"286ddedd-fa7e-42b8-8ec3-e87dbea80efe","***","2026-08-11T20:46:28.992Z","1108","","","Drugs/Narcotics"
"ea0f3048-eca9-487c-a0b6-b7243486b917","***","2026-08-12T11:09:06.332Z","2","Stolen Motorcycle","2026006480","Motor Vehicle Theft/Stolen"
"aed0a0f1-a922-4176-942b-f5132769dfeb","***","2026-08-12T13:29:54.100Z","2","Tracking movement of suspected drug trafficker","","Drugs/Narcotics"
"85aae878-5b20-4c56-8337-b3b291e8f99e","***","2026-08-12T14:01:52.006Z","2","verification of  travel","","Traffic Infraction"
"92ca92f4-22a9-4f71-9595-56b70b4b898b","***","2026-08-12T14:20:08.173Z","1178","Checking Mathis Ferry Rd. cameras for motorcycle stolen from the area.","2026006480","Motor Vehicle Theft/Stolen"
"6741a72f-d967-4f43-9b01-d0091b6992fd","***","2026-08-12T15:19:25.921Z","5","RESEARCHING SUSPECT VEHICLE / LOCATIONS SINCE THEFT","2026006480","Larceny/Theft Offenses"
"8e064b22-4339-49f7-ae0a-34ebf2ef0a66","***","2026-08-12T18:40:54.548Z","2","verification of  travel","","Traffic Infraction"
"c476e1f3-e796-46ea-afed-6e7ca8a2e277","***","2026-08-12T19:13:37.999Z","2","Specifying search option for vehicles without tags, stolen motorcycle believed to possibly not have a license plate.","2026006480","Motor Vehicle Theft/Stolen"
"d0bca78e-40e7-4daa-b024-e254f96aaa39","***","2026-08-12T19:27:02.732Z","1176","RESEARCHING SUSPECT VEHICLE / LOCATIONS SINCE THEFT","2026006480","Motor Vehicle Theft/Stolen"
"b44e8f4a-e89f-459b-b0e7-9b7b82295122","***","2026-08-12T21:22:46.333Z","1175","","","Drugs/Narcotics"
"6214faff-6c19-4ce9-94bd-bace53dd932b","***","2026-08-12T23:41:50.668Z","1102","","","Drugs/Narcotics"
"0be42c7e-58a3-40cc-9530-8fc0919c207e","***","2026-08-13T00:35:59.710Z","2","suicidal person","202600525135","Welfare Check"
"58e13ccc-cde6-4781-b970-b3bafb652959","***","2026-08-13T01:32:31.996Z","2","suicidal person","202600525135","Welfare Check"
"b8cc4033-b342-413f-bff4-65ee09737aea","***","2026-08-13T03:28:08.190Z","2","suspect vehicle","2026006282","Hit and Run/Car Accident"
"a837a69b-325b-41a6-bb56-775b2103b40a","***","2026-08-13T11:03:23.104Z","1175","verification of  travel","","Traffic Infraction"
"79a7611e-a0d9-4edf-83ad-513f67fa0b52","***","2026-08-13T13:41:43.060Z","1102","","","Drugs/Narcotics"
"0a2778ed-c4c5-4bde-9af9-6d265f5f0399","***","2026-08-13T13:42:43.262Z","2","Hit and run suspect vehicle","2026006549","Hit and Run/Car Accident"
"e17f683e-06f0-43f0-85a3-9e40bc824788","***","2026-08-13T14:22:11.389Z","1175","verification of  travel story","","Traffic Infraction"
"befd6523-eb0b-4864-8b51-6b4e168209be","***","2026-08-13T14:52:59.097Z","2","FTC Fraud @ REI","2026006275","Financial Crime (Embezzlement/Fraud)"
"8372dd2c-67f3-4136-bb5a-019b9b586a52","***","2026-08-13T15:01:41.120Z","2","FTC Fraud @ REI","2026006275","Financial Crime (Embezzlement/Fraud)"
"9156b03e-a63c-4c55-8e5d-fc7e10fe1268","***","2026-08-13T15:41:20.679Z","1174","RESEARCHING SUSPECT VEHICLE / LOCATIONS SINCE THEFT","2026006480","Motor Vehicle Theft/Stolen"
"04057658-7d73-4338-8d18-fcc8c1a6d109","***","2026-08-13T17:16:21.736Z","1174","RESEARCHING SUSPECT VEHICLE / LOCATIONS SINCE THEFT","2026006480","Motor Vehicle Theft/Stolen"
"dc8d8811-a1a8-4956-aa70-7aedb4453a40","***","2026-08-13T18:43:07.900Z","1099","","","Missing/Endangered Person/Runaway"
"3385764c-38a8-4cde-954f-7c73b971d859","***","2026-08-13T19:02:09.317Z","1099","","","Drugs/Narcotics"
"4c26488e-f6d5-45d7-bf37-01c5cc733bff","***","2026-08-13T21:46:51.790Z","1099","","","Drugs/Narcotics"
"7deb5cb4-dbaf-4de4-a5e2-84ed09360a1d","***","2026-08-14T01:45:07.132Z","1099","","","Drugs/Narcotics"
"c86730f7-c808-41e9-a1c2-317e3188560d","***","2026-08-14T04:18:49.736Z","2","bolo missing endangered dementia patient","cfs26-19544 georgetown so","Missing/Endangered Person/Runaway"
"1048d5bf-ea75-43f5-8596-3d83c44631a5","***","2026-08-14T05:00:32.642Z","2","bolo missing endangered dementia patient","cfs26-19544 georgetown so","Missing/Endangered Person/Runaway"
"1b1b4c34-435a-4eea-aa37-ece3feb1a033","***","2026-08-14T13:07:09.898Z","1173","RESEARCHING SUSPECT VEHICLE / LOCATIONS SINCE THEFT","2026006480","Motor Vehicle Theft/Stolen"
"a8bf2548-906a-4f56-a32c-9bb46ebc4609","***","2026-08-14T13:37:09.297Z","1172","verification of  travel story","","Traffic Infraction"
"837dd209-2041-4c30-a6a2-4264f972449a","***","2026-08-14T13:54:23.433Z","2","RESEARCHING SUSPECT VEHICLE","2026006356","Larceny/Theft Offenses"
"33e9a33b-8bef-4494-b8dd-02918f2700a7","***","2026-08-14T15:31:28.024Z","2","Motorcycle Theft","2026006480","Motor Vehicle Theft/Stolen"
"784e40c2-b3ca-40be-9e4c-20cb478fc4dc","***","2026-08-14T15:33:46.806Z","2","Possible Out of State Suspect Involved in Local Fraud","2026006275","Financial Crime (Embezzlement/Fraud)"
"feb2411e-8839-4f16-9bcd-8ad7529dd235","***","2026-08-14T18:03:49.263Z","3","possible DUI suspect - complaint of reckless driving","None","Driving Under the Influence (DUI/DWI/OWI/OVI)"
"66368bcf-8e3f-4ff1-a1e7-0d7a62b3953d","***","2026-08-14T18:07:54.772Z","2","TRESPASS","202600529104","Trespass"
"686e1a57-f27c-49b0-aa1a-ead2267b1548","***","2026-08-14T18:23:52.022Z","2","Potential suspect","2026006588","Destruction/Damage/Vandalism of Property"
"6ae6ca0d-5602-4f5a-b743-64866927964d","***","2026-08-14T18:47:23.645Z","2","Suspect vehicle","2026006275","Financial Crime (Embezzlement/Fraud)"
"14e4bbd2-3316-4905-9986-0608104b156e","***","2026-08-14T19:01:22.594Z","2","Suspect vehicle","2026006275","Financial Crime (Embezzlement/Fraud)"
"d547fe15-6566-4bec-b9c7-99ef56d65bfc","***","2026-08-14T19:27:04.701Z","1098","Investigation","2026005635","Traffic Infraction"
"29fbe5ab-743c-4b17-98c3-d76290054a3f","***","2026-08-14T20:53:45.454Z","2","TRESPASS","202600529104","Trespass"
"96b1647e-b941-4a0f-ab5c-362ef869475e","***","2026-08-14T20:54:16.240Z","2","HIT AND RUN","202600529104","Hit and Run/Car Accident"
"7fe5928d-c677-4b4d-83b8-ae5df2397a26","***","2026-08-14T21:01:24.818Z","2","HIT AND RUN","202600529104","Hit and Run/Car Accident"
"06fd5fcc-91b2-4d23-9ad0-9af3d01ebe07","***","2026-08-15T10:18:21.931Z","2","RESEARCHING SUSPECT VEHICLE","2026006356","Larceny/Theft Offenses"
"fde3e1b5-a745-4875-ac12-dae1e57d4dc6","***","2026-08-15T10:25:10.193Z","2","Hit and Run FIXED OBJ","202600530655","Hit and Run/Car Accident"
"92250bb9-ff17-4723-98bd-af0211997b5a","***","2026-08-15T11:44:35.652Z","5","ATTEMPTING TO ID SUSPECT VEHICLE","2026006590","Larceny/Theft Offenses"
"fd0c7aeb-211d-4cbd-8dfc-220e25b38ab1","***","2026-08-15T11:56:58.781Z","2","Hit and run collision","2026006609","Hit and Run/Car Accident"
"b6b032f8-4b85-4341-ad0d-23ac3b6d52ea","***","2026-08-15T12:04:03.887Z","1097","Hit and Run","2026006609","Hit and Run/Car Accident"
"a24ae338-c4a2-4d99-a9b5-98d03dc8d306","***","2026-08-15T16:28:45.434Z","2","hit and run","2026004834","Hit and Run/Car Accident"
"44aef662-ae9b-41ee-aea8-bef7ceacd5e4","***","2026-08-15T17:25:35.964Z","3","wanted suspect","2026006608","Wanted Person (Arrest Warrant/Fugitive)"
"522e8edf-082c-462a-8b35-84962f14e437","***","2026-08-15T20:39:19.991Z","1170","warrants","Not our case. Warrants out of Berkley County","Wanted Person (Arrest Warrant/Fugitive)"
"6e9d2c9d-e338-45bf-9ce3-147bbcea8c37","***","2026-08-15T20:43:48.854Z","1170","wanted","2026006608","Wanted Person (Arrest Warrant/Fugitive)"
"c9c959b7-390f-4177-8fb1-96a1b985f534","***","2026-08-16T03:06:18.639Z","2","murder suspect bolo","2026000532273","Assault/Battery Offenses"
"e3d2215e-e972-487b-872d-3976a7dd0a70","***","2026-08-16T03:21:33.181Z","1170","suspect","NCPD BOLO","Homicide/Death Investigation"
"acae2f97-e522-4fff-baa2-0733adcf3bc8","***","2026-08-16T14:23:37.336Z","2","theft","2026005999","Larceny/Theft Offenses"
"bb25d1ea-7886-44c1-bdd4-484bb0fbebcd","***","2026-08-16T18:51:42.696Z","2","HIT AND RUN POSS FALSE POLICE REPORT","2026006636","Hit and Run/Car Accident"
"52b47df8-4109-45eb-9d93-7e5693ec0645","***","2026-08-17T11:18:37.624Z","2","Shoplifting","2026006479","Larceny/Theft Offenses"
"098154e8-124c-43ab-ada4-e7d3c6ef0551","***","2026-08-17T12:25:31.826Z","1171","nordstrom shoplifting suspect vehicle","2026006590","Larceny/Theft Offenses"
"e002f166-b129-4dee-afc2-5af6f946d8ed","***","2026-08-17T13:57:39.233Z","2","Suspicious activity","2026004148","Sex Offenses"
"9dee5ed9-fb01-4aa0-b6dc-b68bda2f4c6b","***","2026-08-17T13:59:28.120Z","2","RESEARCHING SUSPECT VEHICLE","2026006590","Larceny/Theft Offenses"
"1cb920a3-71b5-4b5c-859e-d8e2ddf39908","***","2026-08-17T14:36:49.288Z","2","Suspicious activity","2026004148","Sex Offenses"
"65da0b82-1403-4103-996e-2852797e0fab","***","2026-08-17T15:19:42.453Z","2","Suspicious activity","2026004148","Sex Offenses"
"a97a409a-fbb9-449b-b13a-7fe36c91d314","***","2026-08-17T16:33:02.302Z","2","Suspicious activity","2026004148","Sex Offenses"
"7825cb55-fb1d-4ace-bec9-a2e7a0665a28","***","2026-08-17T19:38:22.835Z","2","RESEARCHING SUSPECT VEHICLE / LOCATIONS SINCE THEFT","2026006480","Motor Vehicle Theft/Stolen"
"301c9ba4-5849-4cd2-a4f4-723c02a1c497","***","2026-08-17T20:47:01.201Z","1169","RESEARCHING SUSPECT VEHICLE / TIES TO MOUNT PLEASANT","SUMMERVILLE PD 26064613","Financial Crime (Embezzlement/Fraud)"
"da559282-7296-4f27-8d30-7406dc204ed1","***","2026-08-18T13:59:14.075Z","1169","RESEARCHING SUSPECT VEHICLE / TIES TO MOUNT PLEASANT","SUMMERVILLE PD 26064613","Financial Crime (Embezzlement/Fraud)"
"bc9e2e64-7577-45a4-a31b-64ab0011f551","***","2026-08-18T13:59:45.970Z","1169","RESEARCHING SUSPECT VEHICLE","2026006689","Missing/Endangered Person/Runaway"
"8444f2c6-60be-4936-aecf-123840ae6ae8","***","2026-08-18T14:00:06.624Z","1169","RESEARCHING SUSPECT VEHICLE","2026006689","Missing/Endangered Person/Runaway"
"8f925648-3ab5-480c-b84f-5bf0b8234d4d","***","2026-08-18T15:26:13.803Z","2","verifying travel story","202600537059","Traffic Infraction"
"ae1add58-75b1-4089-8e86-00aba1f2a085","***","2026-08-18T19:20:14.116Z","2","Sex Crime / ICAC","2026004971","Sex Offenses"
"53661eb3-1f39-4e56-bdb7-54c6aa3b1daa","***","2026-08-19T02:04:07.591Z","1166","Sex Crime / ICAC","2026004971","Sex Offenses"
"82073b24-e977-496d-8b47-ac3bcfb797b7","***","2026-08-19T12:00:44.808Z","2","Violent Crimes","Retention Period Test","Other"
"24f7fb20-3c4b-4da9-8d81-789e06b90fe8","***","2026-08-19T12:31:06.991Z","2","Theft","2026006709","Larceny/Theft Offenses"
"1b014084-2338-435d-acf7-1e6cb2841528","***","2026-08-19T23:10:44.914Z","2","Burglary","2026006747","Trespass"
"8a5562cf-038b-48ae-8a4c-e0ff3f0eae2f","***","2026-08-19T23:25:31.633Z","1165","Missing Person","202600540562","Missing/Endangered Person/Runaway"
"0f9055a0-491b-499e-8b41-052726d7aefb","***","2026-08-20T00:09:09.469Z","1165","Missing Person","202600540562","Missing/Endangered Person/Runaway"
"bcfeeff1-a2f9-4663-a384-fdf26f97bb46","***","2026-08-20T06:43:47.732Z","1092","Mental Health/Community Wellness","2026006752","Trespass"
"fb67290d-ed03-4efb-96ed-7896923e923c","***","2026-08-20T12:12:03.849Z","2","Fraud","2026002415","Financial Crime (Embezzlement/Fraud)"
"b263ae30-7a58-4ff2-b669-7e4c21ac8b0e","***","2026-08-20T12:46:51.093Z","1166","Stolen Vehicle / Tag","202600541553","Motor Vehicle Theft/Stolen"
"1ee84c5b-4fbb-4021-b0b2-3639fb742348","***","2026-08-20T12:47:25.697Z","1165","Vehicle Break In","202600541553","Motor Vehicle Theft/Stolen"
"2dd32e59-8967-4085-b7ca-995ede539471","***","2026-08-20T13:52:43.288Z","1165","Shoplifting","2026006590","Larceny/Theft Offenses"
"8f939505-6c6d-474b-bb17-fa037c14ee0e","***","2026-08-20T21:38:28.386Z","1159","Mental Health/Community Wellness","202600542772","Welfare Check"
"b5413327-89c3-4f90-9c6d-add79271ace9","***","2026-08-20T21:39:00.743Z","1160","Missing Person","202600542772","Missing/Endangered Person/Runaway"
"792de5be-fd3c-4297-b183-41fe8f12ae29","***","2026-08-20T22:00:52.133Z","2","Theft","202600542828","Larceny/Theft Offenses"
"cc3a685d-2b4e-40e8-80a0-827c55d9be3e","***","2026-08-20T22:03:09.648Z","2","Mental Health/Community Wellness","202600542772","Welfare Check"
"3a13e596-a00a-4f89-8b7d-f2bdf19ef347","***","2026-08-21T06:49:42.417Z","2","Hit & Run","202600543628","Hit and Run/Car Accident"
"d8f3b9db-72a3-4dcc-a076-c489c9f34442","***","2026-08-21T07:03:46.414Z","1086","Hit & Run","2026006795","Criminal Motor Vehicle Offense (incl. Road Rage/Reckless)"
"d95ad2d2-0d2f-4e5a-b397-ba322f9a8731","***","2026-08-21T12:09:03.902Z","2","Drug Investigation","202600543970","Traffic Infraction"
"2314c3c4-d2de-4483-bbaf-2aadae4742f0","***","2026-08-21T13:20:55.231Z","1159","Fraud","2026002415","Financial Crime (Embezzlement/Fraud)"
"e1a8bb29-efb1-4a9f-a882-f3143ff8f755","***","2026-08-21T14:11:34.416Z","2","Road Rage","202600544267","Criminal Motor Vehicle Offense (incl. Road Rage/Reckless)"
"70229404-5ddf-4c61-a0f1-32ae2ffdf758","***","2026-08-22T00:38:37.197Z","1157","Shoplifting","2026006821","Larceny/Theft Offenses"
"8eb29ca3-0e6b-49a3-81fc-6878073beee5","***","2026-08-22T09:43:07.086Z","1156","Drug Investigation","202600543970","Traffic Infraction"
"115fea10-b55b-4dfd-9027-3f87006340cb","***","2026-08-22T21:25:01.485Z","1","Violent Crimes","Test/hwy41 cameras","Other"
"911d02f1-0f72-49c4-9a8a-2466850ecd26","***","2026-08-22T22:14:16.906Z","2","Hit & Run","Test Hwy 41 Flock Camera Vandalism","Other"
"ab698c77-dc02-4f43-91c1-e144b94a10ad","***","2026-08-23T06:36:50.502Z","2","Domestic Disturbance","2026006850","Trespass"
"71b27a7e-6c23-4e88-bd0e-56381546c492","***","2026-08-23T06:43:19.279Z","2","Wanted Subject","2026006850","Trespass"
"346c1048-48aa-40c6-8d8b-536d542255b6","***","2026-08-24T12:15:24.270Z","1158","Wanted Subject","2026002133","Wanted Person (Arrest Warrant/Fugitive)"
"2f5b3e0d-f1da-4d7b-8171-4723bc87f363","***","2026-08-24T12:25:08.622Z","1158","Shoplifting","2026006819","Stolen Property Offenses"
"6e3775c1-3ce5-43ca-aecb-c0df1679a670","***","2026-08-24T12:41:54.877Z","2","Malicious Injury","2026006799","Destruction/Damage/Vandalism of Property"
"9dbe228b-3c50-4150-9be5-501f680ffed2","***","2026-08-24T13:03:41.538Z","2","Shoplifting","2026006819","Larceny/Theft Offenses"
"a38e1226-f2e6-466a-9fd4-2b80bd26ca58","***","2026-08-24T19:01:13.234Z","2","Drug Investigation","2026006891","Trespass"
"4e0ae93c-2452-45db-b65c-015e2d4f9e4f","***","2026-08-24T19:18:01.846Z","1154","Drug Investigation","202600543970","Traffic Infraction"
"f2469b6a-57be-4dc3-bc8c-a827a80b7238","***","2026-08-24T20:39:15.650Z","2","Wanted Subject","beetle investigation","Destruction/Damage/Vandalism of Property"
"80f6ba2f-405d-4c6b-96d0-7ef1d017fce6","***","2026-08-24T21:21:47.480Z","1156","Stolen Vehicle / Tag","2026002260","Larceny/Theft Offenses"
"085791dc-53d4-45d3-acb9-b3f27defbcb8","***","2026-08-24T23:16:18.329Z","2","Shoplifting","2026006901","Larceny/Theft Offenses"
"eb66016e-b6de-406e-9ed9-23cb76e400d2","***","2026-08-25T10:12:15.452Z","2","Violent Crimes","Not created ye","Drugs/Narcotics"
"c19d501a-14bd-4233-b25b-15017c4be71b","***","2026-08-25T12:23:00.195Z","1156","Wanted Subject","2026006850","Wanted Person (Arrest Warrant/Fugitive)"
"09c68798-9bac-46d5-a6a2-785fac81843d","***","2026-08-25T12:55:31.390Z","1156","Stolen Vehicle / Tag","2026002260","Larceny/Theft Offenses"
"08ea1f8b-a3c7-4ad2-a3a8-3b3f885d8eb3","***","2026-08-25T13:08:21.720Z","2","Shoplifting","2026006901","Larceny/Theft Offenses"
"d6c7a66f-b116-4652-8b4c-44ac66262b88","***","2026-08-25T13:38:39.906Z","1083","Drug Investigation","G7-26-0017","Drugs/Narcotics"
"7c678b25-b405-4fc3-a2f7-3135fda56b69","***","2026-08-25T13:57:39.989Z","1156","Stolen Vehicle / Tag","2026002260","Larceny/Theft Offenses"
"eadbd573-3f96-493f-9ad9-aa40caa27f03","***","2026-08-25T13:57:54.957Z","1156","Shoplifting","202600552901","Larceny/Theft Offenses"
"8bd4511f-a8a4-426b-967f-529d876657f2","***","2026-08-25T14:00:01.552Z","1156","Shoplifting","202600552901","Larceny/Theft Offenses"
"0097d9a9-2f57-443f-9c1f-15cc732b0cd5","***","2026-08-25T14:01:40.982Z","1155","Shoplifting","2026006915","Larceny/Theft Offenses"
"9ec67d44-ca25-4609-b003-e2a6d92fd98e","***","2026-08-25T14:07:33.867Z","1083","Drug Investigation","G7-26-0017","Drugs/Narcotics"
"30d8a065-a4e0-4d99-84de-02e202182ac7","***","2026-08-25T14:35:19.446Z","1155","Stolen Vehicle / Tag","2026003310","Motor Vehicle Theft/Stolen"
"05351636-f380-4238-94e6-fdc72876cb4e","***","2026-08-25T20:45:27.926Z","1155","Drug Investigation","202600553833","Drugs/Narcotics"
"5bb89c2c-7461-45ae-9e49-984471876d68","***","2026-08-25T21:41:54.509Z","1155","Pointing & Presenting","2026003310","Missing/Endangered Person/Runaway"
"35f4b58c-b6e7-415c-952b-ecf5439c23a0","***","2026-08-25T22:00:18.652Z","1155","Pointing & Presenting","202600553895","Missing/Endangered Person/Runaway"
"d89365b4-1f9d-4e50-9cdd-47a3f2e4f08a","***","2026-08-25T22:06:07.374Z","1","Mental Health/Community Wellness","CAD 202600553895","Missing/Endangered Person/Runaway"
"8d45ef43-d8e5-4b2f-9a42-2788ff8f46d9","***","2026-08-25T22:52:07.913Z","2","Mental Health/Community Wellness","2026006930","Weapons Offense (Guns/Shots Fired)"
"bdb76617-f416-4167-9e7f-4e6074cb3ea7","***","2026-08-25T22:59:41.364Z","2","Domestic Disturbance","202600554016","Disorderly Conduct/Disturbance"
"631cfaa5-ca1d-46c7-9e37-c68313d09173","***","2026-08-25T23:01:20.820Z","1155","Mental Health/Community Wellness","CAD 202600553895","Missing/Endangered Person/Runaway"
"ebfa0b85-6c51-494d-ae6c-3398c6dcf366","***","2026-08-25T23:10:31.072Z","1154","Mental Health/Community Wellness","2026006930","Weapons Offense (Guns/Shots Fired)"
"4311af3b-bffa-4eb7-ad3e-25ff65880c66","***","2026-08-25T23:42:45.414Z","1","Hit & Run","CAD 202600553895","Hit and Run/Car Accident"