id,userId,searchDate,networkCount,reason
4037adab-dd89-46a4-af1e-78a370197d7f,***,2026-10-03T21:56:46.712Z,185,stolen vehicle
19b1690c-4a01-4022-a995-69a42c27d961,***,2026-10-03T00:18:41.840Z,12,ATL
fc0f2ae2-e486-4d0e-9151-4504ddeb6161,***,2026-10-02T21:07:38.102Z,179,stolen vehicle
5f168047-04c4-4de6-8efd-817ef8eac110,***,2026-10-02T06:11:24.261Z,179,stolen vehicle
f70ec2dd-047e-42b7-b0f1-7ab39edf087c,***,2026-10-02T04:21:26.569Z,179,stolen vehicle
6091bd4c-a5d6-4e1b-9437-449a63cf14d8,***,2026-10-02T00:00:37.088Z,179,stolen vehicle
181b1dec-e75a-4d17-8344-b0b28fee025d,***,2026-10-01T23:12:24.266Z,179,stolen vehicle
dfd609b9-ec64-4453-83ce-a9a3bc593248,***,2026-10-01T06:08:51.627Z,179,wanted person
f4ab517e-e857-4a38-a067-1a9f7e7881a3,***,2026-10-01T06:07:30.727Z,174,
b740e97f-7caa-4528-b122-155b33b4faf0,***,2026-09-30T14:29:25.722Z,3,atl
ed84beae-2dee-4f4c-9630-4a510cb0e425,***,2026-09-25T14:16:03.467Z,10,
68460426-47b6-4382-bcb3-6cda7e97b350,***,2026-09-24T00:36:17.575Z,12,ATL
97fdafc5-18fe-474d-aac0-f79ddda516b3,***,2026-09-22T22:43:55.769Z,180,
4df95f1e-c6cf-4650-af15-67552fbcb6d8,***,2026-09-22T19:24:08.884Z,4,
65d23b3a-ac31-41db-88a6-4d0274a4f4a5,***,2026-09-17T10:26:40.173Z,180,stolen vehicle
78fab731-bbff-44cc-a805-bf7a0b6fa893,***,2026-09-17T05:37:39.392Z,180,stolen vehicle
67b7ad8e-5842-472e-b4c7-02baef5b892d,***,2026-09-16T15:40:05.035Z,180,
a8750cc6-7118-4338-8457-a4a1c9e2cbd4,***,2026-09-16T13:30:06.542Z,328,
1768e1ad-85f9-49cc-9338-0db76fbf0ee7,***,2026-09-15T17:50:35.942Z,1,SUSPECT
f1fb6e94-4878-4662-8743-25b2768ddc90,***,2026-09-15T15:21:13.278Z,12,
154221d9-f94f-41f9-b0a9-86757a8aaa76,***,2026-09-15T14:32:48.264Z,1,SUSPECT
237255bf-eb64-4945-ad3e-8779a20bab6a,***,2026-09-15T13:44:05.778Z,564,SUSPECT
b9bdf751-2c8f-4dc9-947f-b93f9320c768,***,2026-09-15T13:41:12.444Z,186,investigation
aeb4dcce-c451-4258-ba16-6a7c8ebc7137,***,2026-09-11T16:57:25.704Z,568,
86c6e892-efb5-4d1c-bf5e-02dcfc96f71e,***,2026-09-11T14:02:50.950Z,181,
f8f7c6a6-f9b0-47e2-b471-fd65fc846832,***,2026-09-09T06:02:29.964Z,181,stolen vehicle
94ba5811-b06f-4c16-b861-828cba4dacce,***,2026-09-09T03:30:36.399Z,181,stolen vehicle
0afd159d-3a8d-4abd-99bc-67b43946584a,***,2026-09-08T17:19:31.384Z,182,wanted person
2a87d23f-6321-42e6-8c14-e25d0336baca,***,2026-09-08T09:09:10.420Z,182,
9398c1b7-63c7-4228-bdcb-dccaac7898be,***,2026-09-08T07:35:00.418Z,182,
e9c6b9b9-dbdd-4b08-8094-4a3e600280c0,***,2026-09-08T06:08:54.653Z,182,
b96c9523-f8a9-4846-a76a-4b1c08928bbf,***,2026-09-08T04:20:09.203Z,182,
cb2b6d08-a6ed-4613-9fea-d03549042c82,***,2026-09-08T04:05:33.352Z,182,wanted person
897804ca-3b10-4adc-84aa-da0835ce3675,***,2026-09-08T03:24:36.700Z,182,wanted person
297d627f-3dfb-494a-9b39-441d812a60a6,***,2026-09-08T03:00:11.029Z,182,
e8f5439c-7a91-47eb-a4ef-5ed9c2174c2b,***,2026-09-08T02:02:24.405Z,182,wanted person
fba6e29f-d013-45bb-8dbc-4aa46394d895,***,2026-09-08T02:02:22.648Z,182,
7e9e4cfa-03c0-48e9-9bc1-0a750cd0cd98,***,2026-09-08T01:13:14.480Z,182,
3105fc00-70e3-4fec-9103-4a5e4d121afc,***,2026-09-08T01:04:53.921Z,182,wanted person
5f49af59-d383-4323-849e-235869e4b2e4,***,2026-09-08T00:50:47.218Z,182,
21e0db10-8685-4cae-a4b3-547faa492fe3,***,2026-09-08T00:36:55.150Z,182,wanted person
1f19019b-3df9-41d7-9228-a1428256304f,***,2026-09-07T23:14:46.615Z,182,
891ad056-9f9b-461c-9efd-5c1e2c9f4db0,***,2026-09-06T07:02:31.536Z,12,ATL
0da378bf-495a-4474-bdcd-4ac0db6f3703,***,2026-09-06T06:21:24.667Z,12,ATL
0305f75a-b0da-4c1d-939b-f7315a960ae6,***,2026-09-06T01:01:50.945Z,1,ATL
