"id","userId","searchDate","networkCount","offenseType"
"e8299c35-40b6-40a9-adc4-a17ae538b264","***","2026-05-29T00:17:17.568Z","101","Obstructing the Police (Fleeing/Eluding)"
"123df464-bea5-4bc1-bc51-113313cfe0b3","***","2026-05-29T00:33:08.456Z","129","Sex Offenses"
"c7784d3d-8a3f-40c7-a0fd-da1b04a08595","***","2026-05-29T10:11:07.910Z","129","Missing/Endangered Person/Runaway"
"7d451407-8765-42e2-9c63-689bec08ce66","***","2026-05-29T10:38:23.947Z","3","Missing/Endangered Person/Runaway"
"ae09ac9c-3e52-45dc-90cb-527a22ab57b2","***","2026-05-29T12:24:00.203Z","3","Missing/Endangered Person/Runaway"
"cf2f5bea-4184-4e6d-a20e-229cf3e8e1a1","***","2026-05-29T17:16:59.395Z","129","Wanted Person (Arrest Warrant/Fugitive)"
"77645cb1-8309-4bb6-a274-9a87e8864c6d","***","2026-05-29T22:37:24.523Z","129","Assault/Battery Offenses"
"77f676fe-71b0-4118-a37a-226707cebb10","***","2026-05-29T23:03:30.642Z","129","Motor Vehicle Theft/Stolen"
"432067c8-c484-4ca8-8674-7207156a22eb","***","2026-05-30T00:10:10.761Z","129","Sex Offenses"
"5c759771-b367-45f5-ade2-b2c4f69ba4c7","***","2026-05-30T02:24:45.637Z","129","Motor Vehicle Theft/Stolen"
"6320231f-1ed9-4a25-98d6-c293825ccad3","***","2026-05-30T03:23:40.462Z","129","Wanted Person (Arrest Warrant/Fugitive)"
"bccda94e-aa1d-44c2-99e9-fe208f706c61","***","2026-05-30T04:32:39.175Z","2","Threats/Harassment"
"a4a8a5bc-739b-4418-a64c-cc37e61ee59a","***","2026-05-30T07:39:21.133Z","129","Driving Under the Influence (DUI/DWI/OWI/OVI)"
"7c95ffcc-313a-4d2e-8f0d-b11dfbba69b6","***","2026-05-30T08:18:27.229Z","129","Assault/Battery Offenses"
"2ae941ac-f369-4aaa-87cf-029047b16091","***","2026-05-30T08:31:50.690Z","129","Assault/Battery Offenses"
"3117272b-2ffd-4395-b116-479cab2d8b83","***","2026-05-30T08:55:25.658Z","3","Assault/Battery Offenses (Domestic)"
"3ec5f71d-ffab-4133-b798-efb49df3711a","***","2026-05-30T10:33:17.512Z","3","Assault/Battery Offenses (Domestic)"
"27b926d2-4308-4052-8d85-5dbd6ae24012","***","2026-05-30T11:03:27.771Z","129","Assault/Battery Offenses (Domestic)"
"20bbb4c0-848e-44fc-b1c4-d4851030d8e8","***","2026-05-30T12:36:53.182Z","3","Assault/Battery Offenses (Domestic)"
"5a71dfbe-bd5c-41d4-8cd1-1021c74c3781","***","2026-05-30T22:41:39.805Z","101","Motor Vehicle Theft/Stolen"
"4c36f745-b556-4142-ae2b-d710777627a3","***","2026-05-30T22:46:03.556Z","3","Motor Vehicle Theft/Stolen"
"56065cdc-81a1-4588-960c-fa69ac45b662","***","2026-05-31T04:55:05.408Z","129","Obstructing the Police (Fleeing/Eluding)"
"ec9b9271-4b82-4435-9ec3-ca9a5fb9bd6f","***","2026-05-31T08:00:20.566Z","129","Assault/Battery Offenses"
"9653a7f9-cdf0-467b-87c5-6edb6771978e","***","2026-05-31T15:55:36.623Z","3","Assault/Battery Offenses (Domestic)"
"27e91d34-b266-4537-941d-3b5e5cadf4fa","***","2026-05-31T23:00:59.798Z","3","Assault/Battery Offenses"
"bcab829b-6648-4c20-9cb4-3ac7664c50c1","***","2026-06-01T03:42:56.576Z","129","Assault/Battery Offenses"
"7374d379-80ed-4f71-a59a-e325aa38ca71","***","2026-06-01T16:44:02.792Z","129","Sex Offenses"
"bb2b2ff1-0652-490b-80c6-b284704a71d8","***","2026-06-01T18:21:04.054Z","129","Wanted Person (Arrest Warrant/Fugitive)"
"69b94d0c-80a3-44aa-8130-12c6e49153e8","***","2026-06-01T19:50:40.244Z","129","Wanted Person (Arrest Warrant/Fugitive)"
"fd16f85d-559a-4afd-bdbc-683a5058ee0c","***","2026-06-01T20:00:50.702Z","129","Stolen Property Offenses"
"adffed3b-8dc7-41e6-89d0-4ab0b38d9ec2","***","2026-06-01T20:41:46.376Z","3","Wanted Person (Arrest Warrant/Fugitive)"
"d2501f07-b91c-449e-adcd-18052edb3d95","***","2026-06-01T22:17:24.508Z","3","Driving Under the Influence (DUI/DWI/OWI/OVI)"
"41886818-d3cc-4925-bd33-de9f4abdf902","***","2026-06-01T22:17:41.878Z","3","Driving Under the Influence (DUI/DWI/OWI/OVI)"
"1d09b69a-e86b-45a3-9574-d5d2ed395e62","***","2026-06-01T23:50:34.814Z","129","Missing/Endangered Person/Runaway"
"3f8a1e85-5dfa-4aea-9b9b-98460bd9636e","***","2026-06-01T23:57:20.234Z","129","Motor Vehicle Theft/Stolen"
"4575c262-45b6-4a7b-a781-3999aa75dc00","***","2026-06-01T23:57:41.811Z","129","Motor Vehicle Theft/Stolen"
"4a439cdf-040b-4aa6-a4cd-8b1dd8e25d31","***","2026-06-02T00:06:22.745Z","129","Wanted Person (Arrest Warrant/Fugitive)"
"aab965e3-d2b3-4582-845c-b6da8d802189","***","2026-06-02T07:43:08.412Z","129","Assault/Battery Offenses (Domestic)"
"951750c9-d2e4-4763-a7c6-d94a6eaea8a9","***","2026-06-02T08:01:05.453Z","101","Assault/Battery Offenses (Domestic)"
"66969bf6-4133-4ddd-9934-b30111e2a5e1","***","2026-06-02T09:28:24.718Z","4","Assault/Battery Offenses (Domestic)"
"55eeeeca-9d01-4117-a6e0-e41b9001bdb5","***","2026-06-02T15:41:08.810Z","3","Missing/Endangered Person/Runaway"
"80113452-abea-4cdc-ae29-4bf8d7b9e998","***","2026-06-02T16:16:14.843Z","129","Wanted Person (Arrest Warrant/Fugitive)"
"5d5c5b9d-f087-4557-a6ef-bb38ef2cd188","***","2026-06-02T17:58:37.320Z","129","Assault/Battery Offenses"
"9b30fbfe-3c1d-4cf9-81d0-b35cd05cfc3d","***","2026-06-02T18:00:47.734Z","129","Assault/Battery Offenses"
"1c882d6e-bcf2-4bf2-854b-8b4b9075ee1c","***","2026-06-02T18:01:57.733Z","129","Assault/Battery Offenses"
"002a3ae6-1199-43cb-9c1f-bccdd79e8a17","***","2026-06-02T18:31:20.578Z","129","Motor Vehicle Theft/Stolen"
"48aab2fc-3091-4b3e-b947-5569aeb4fde6","***","2026-06-02T18:31:53.114Z","129","Motor Vehicle Theft/Stolen"
"27aae0bd-896b-4d29-b223-b920aa8a567f","***","2026-06-02T18:46:10.364Z","3","Drugs/Narcotics"
"cee053da-8525-4b0f-9638-5860c53752a8","***","2026-06-02T19:01:55.090Z","3","Drugs/Narcotics"
"d473a255-4591-4208-95b4-f8982dc0c0a5","***","2026-06-02T19:59:19.508Z","129","Wanted Person (Arrest Warrant/Fugitive)"
"642e8239-b5ea-4bbc-b50c-5c4e1c4c2689","***","2026-06-02T21:12:04.588Z","129","Motor Vehicle Theft/Stolen"
"4c9f8a18-8703-4a3d-bb43-150a5ef2e1e4","***","2026-06-02T21:20:19.720Z","101","Drugs/Narcotics"
"0cb41ffa-80d9-4e66-8a89-d66a93a94b20","***","2026-06-02T21:55:59.787Z","129","Motor Vehicle Theft/Stolen"
"63ebbfe9-bcdf-4d04-994a-3dfdfb466af0","***","2026-06-02T22:04:29.338Z","129","Motor Vehicle Theft/Stolen"
"9166cf6a-a13c-4434-919a-0dc2249aa258","***","2026-06-02T22:06:37.378Z","129","Criminal Motor Vehicle Offense (incl. Road Rage/Reckless)"
"3a049241-1701-4a2d-aa33-eeb82ea12d03","***","2026-06-02T22:31:17.768Z","129","Motor Vehicle Theft/Stolen"
"e93abe52-eef2-4f91-aaeb-96a2ade2314a","***","2026-06-02T22:59:45.164Z","129","Missing/Endangered Person/Runaway"
"2a078813-26d9-4e23-941c-3f9c5c10467e","***","2026-06-02T23:00:02.617Z","129","Missing/Endangered Person/Runaway"
"55b4e936-346b-4f5c-9422-77e368b39f25","***","2026-06-03T00:17:16.182Z","129","Missing/Endangered Person/Runaway"
"af883c6e-f310-4f33-a312-0b28c06a300a","***","2026-06-03T01:59:17.520Z","129","Assault/Battery Offenses"
"7d24f59e-6f52-47a1-8084-798491736cee","***","2026-06-03T02:01:27.475Z","129","Assault/Battery Offenses"
"7d1e86ba-a24d-49d2-84a1-5a4920a27093","***","2026-06-03T05:18:13.468Z","129","Assault/Battery Offenses (Domestic)"
"31cf9e7a-51ef-4cc5-8e26-f817545ad398","***","2026-06-03T06:11:02.121Z","129","Motor Vehicle Theft/Stolen"
"6ddbbd4f-a7de-4e8d-869b-bd703b1ec4c3","***","2026-06-03T06:11:11.660Z","129","Motor Vehicle Theft/Stolen"
"93ad89ac-e3cb-46d8-b506-4e66b1afa6b4","***","2026-06-03T06:29:47.190Z","129","Motor Vehicle Theft/Stolen"
"40e5e7dc-4f8e-4db1-9296-220121d95ebc","***","2026-06-03T06:58:08.816Z","3","Motor Vehicle Theft/Stolen"
"aaea8cf9-a180-4a0b-b083-4aa2c3ba360f","***","2026-06-03T09:13:26.692Z","129","Assault/Battery Offenses"
"3d9ac1f8-d414-473e-be6a-d4205ee50d2a","***","2026-06-03T09:15:11.778Z","10","Assault/Battery Offenses (Domestic)"
"b2e19499-113b-4296-aa65-ae99bc3b834c","***","2026-06-03T14:46:32.392Z","129","Assault/Battery Offenses (Domestic)"
"469eb55a-addc-45ef-bfcd-12d15dc9f3ad","***","2026-06-03T15:00:41.035Z","129","Missing/Endangered Person/Runaway"
"cfa5adf2-07cf-422c-925a-ea21c48a321d","***","2026-06-03T15:00:57.703Z","129","Assault/Battery Offenses (Domestic)"
"cf8351a6-5d30-438d-a747-a9a71aa0958b","***","2026-06-03T16:53:19.899Z","129","Wanted Person (Arrest Warrant/Fugitive)"
"ee661b3c-1fac-4dc6-8c97-520e7971f208","***","2026-06-03T17:48:29.672Z","129","Assault/Battery Offenses (Domestic)"
"d8929eb4-6eb2-483d-8ded-f95db2400efc","***","2026-06-03T21:38:25.262Z","129","Missing/Endangered Person/Runaway"
"9275dc8e-68d1-4f87-95fa-5a3a41deadab","***","2026-06-03T22:40:52.158Z","129","Missing/Endangered Person/Runaway"
"20101c85-12ef-4e3d-bc00-e29e62f7c757","***","2026-06-03T23:31:55.918Z","129","Criminal Motor Vehicle Offense (incl. Road Rage/Reckless)"
"a8448839-23fc-4e55-9e4d-eb8d9a32d16f","***","2026-06-03T23:38:05.929Z","3","Criminal Motor Vehicle Offense (incl. Road Rage/Reckless)"
"d1ca0b06-548d-4332-8fc6-1cc005e113ea","***","2026-06-04T10:19:06.966Z","129","Motor Vehicle Theft/Stolen"
"a9a2ae7e-83c2-4126-9b12-f915b231ba98","***","2026-06-04T11:46:32.512Z","129","Larceny/Theft Offenses"
"027c4744-bd13-4fe8-9372-6b2d61a3694c","***","2026-06-04T11:50:20.791Z","129","Motor Vehicle Theft/Stolen"
"61d2162c-6e6a-4ce1-aa62-d50ca03b1264","***","2026-06-04T11:56:36.154Z","129","Motor Vehicle Theft/Stolen"
"265b10e5-bc34-4b5a-a5bd-3706d240e986","***","2026-06-04T12:07:51.051Z","129","Motor Vehicle Theft/Stolen"
"624fca7c-dfc1-42ce-946d-4c9008e06a33","***","2026-06-04T12:20:31.317Z","129","Motor Vehicle Theft/Stolen"
"20194b25-ecf9-4ff7-8e2a-12e5e8d8a941","***","2026-06-04T12:42:01.823Z","10","Burglary/Breaking & Entering"
"1d6d915b-4521-47bf-a16b-2cd49d1db8cc","***","2026-06-04T13:02:04.398Z","6","Driving Under the Influence (DUI/DWI/OWI/OVI)"
"3b6429ff-8ddc-4075-8ef9-4965bbdbbba3","***","2026-06-04T16:44:21.917Z","129","Motor Vehicle Theft/Stolen"
"91028ec6-b354-4572-ab5e-a32a51e4099a","***","2026-06-04T17:37:42.191Z","129","Destruction/Damage/Vandalism of Property"
"c807443b-ce99-4b8e-abcf-0352f1b1694b","***","2026-06-04T18:06:01.250Z","3","Motor Vehicle Theft/Stolen"
"798d2f66-dde9-4c19-811a-bb1ffc3b189e","***","2026-06-04T18:34:56.416Z","129","Assault/Battery Offenses (Domestic)"
"a12d2958-4cbd-432d-8edf-c3bd90737ebf","***","2026-06-04T18:36:47.119Z","101","Drugs/Narcotics"
"5e369d8c-4422-479b-8671-6a080758c498","***","2026-06-04T20:51:29.538Z","129","Sex Offenses"
"bff98228-cf4b-4d25-8c35-07f85707467d","***","2026-06-04T21:49:06.205Z","129","Motor Vehicle Theft/Stolen"
"b961d59d-1ca7-4000-bbb6-0d0493a315bc","***","2026-06-04T22:03:03.476Z","129","Missing/Endangered Person/Runaway"
"5713e610-bd17-4d3b-8b2b-d7298de761dd","***","2026-06-04T22:21:11.219Z","129","Assault/Battery Offenses (Domestic)"
"5991368f-6443-4578-bffd-13823653f666","***","2026-06-05T02:08:47.762Z","129","Driving Under the Influence (DUI/DWI/OWI/OVI)"
"f2fc4af8-d94f-407e-8dee-883d9faf7dbe","***","2026-06-05T03:24:43.428Z","129","Driving Under the Influence (DUI/DWI/OWI/OVI)"
"0b4e23cf-78d7-4024-b699-c746d6441599","***","2026-06-05T04:31:43.596Z","1","Assault/Battery Offenses"
"c473907a-506d-49c5-bc38-14c82dbc0407","***","2026-06-05T04:33:52.149Z","1","Criminal Motor Vehicle Offense (incl. Road Rage/Reckless)"
"56ddc260-29d4-448b-b580-54737068b686","***","2026-06-05T04:34:13.866Z","129","Criminal Motor Vehicle Offense (incl. Road Rage/Reckless)"
"89abcce6-8a0b-4044-8621-f944d2354a55","***","2026-06-05T05:00:51.419Z","1","Assault/Battery Offenses"
"d51756c9-5582-4fc1-9d09-d551ee085fce","***","2026-06-05T05:06:01.927Z","129","Criminal Motor Vehicle Offense (incl. Road Rage/Reckless)"
"e6090861-4657-4463-825e-ffacfeebcdc3","***","2026-06-05T06:19:06.889Z","129","Criminal Motor Vehicle Offense (incl. Road Rage/Reckless)"
"b7e60edf-363c-453c-b40a-ea81c00de5e6","***","2026-06-05T07:13:25.021Z","129","Criminal Motor Vehicle Offense (incl. Road Rage/Reckless)"
"eda7c3f0-5aa4-4c46-9dce-9bbf414d4502","***","2026-06-05T10:06:16.184Z","129","Criminal Motor Vehicle Offense (incl. Road Rage/Reckless)"
"3ee356d2-4b30-402b-a3a2-f5db614026db","***","2026-06-05T12:36:30.312Z","129","Criminal Motor Vehicle Offense (incl. Road Rage/Reckless)"
"93203412-143f-4144-879c-63c88abdb311","***","2026-06-05T15:35:37.223Z","129","Wanted Person (Arrest Warrant/Fugitive)"
"cf8a2600-2c98-4f47-b33d-cde8216e0f1e","***","2026-06-05T16:38:00.273Z","129","Wanted Person (Arrest Warrant/Fugitive)"
"bffaa604-b7fa-4017-8c33-90ed58cb5006","***","2026-06-05T16:38:45.057Z","129","Wanted Person (Arrest Warrant/Fugitive)"
"71a353cf-5030-43e2-b238-199cceb87615","***","2026-06-05T20:50:31.658Z","129","Criminal Motor Vehicle Offense (incl. Road Rage/Reckless)"
"14c8e177-3cc6-4210-b488-678010aea31b","***","2026-06-05T22:51:45.749Z","3","Motor Vehicle Theft/Stolen"
"cbe99e99-cfd0-4d69-aad0-af98fe308f70","***","2026-06-05T23:24:13.512Z","129","Protective/Protection Order"
"67786844-d7f1-4d61-90ad-a8bc22ea7e29","***","2026-06-06T00:23:58.357Z","129","Sex Offenses"
"53151379-06e7-4e43-bdf7-3718ab0fddff","***","2026-06-06T05:11:41.525Z","3","Criminal Motor Vehicle Offense (incl. Road Rage/Reckless)"
"019d03df-9b6c-4089-91c8-08fd2edda7cc","***","2026-06-06T05:25:36.341Z","128","Criminal Motor Vehicle Offense (incl. Road Rage/Reckless)"
"321902e8-3157-4b30-bfc5-c2b30ab295a1","***","2026-06-06T05:27:17.222Z","3","Wanted Person (Arrest Warrant/Fugitive)"
"d2154bc1-7689-4fc4-9f39-d720ee921b2e","***","2026-06-06T06:29:57.282Z","128","Wanted Person (Arrest Warrant/Fugitive)"
"19540f1e-3871-4c23-a8c4-79ace915f798","***","2026-06-06T07:46:50.638Z","101","Wanted Person (Arrest Warrant/Fugitive)"
"363f9236-b72c-4885-9a72-3c736e49d51d","***","2026-06-06T08:05:18.056Z","128","Wanted Person (Arrest Warrant/Fugitive)"
"0774532e-6dbf-473f-ade5-fc030ba29bac","***","2026-06-06T08:16:11.958Z","10","Wanted Person (Arrest Warrant/Fugitive)"
"25900de7-7443-49f8-84e5-3403e4fb5cb0","***","2026-06-06T09:14:33.828Z","128","Missing/Endangered Person/Runaway"
"e4b3787e-7ee8-45fc-acbb-64b11c00bf64","***","2026-06-06T12:04:14.640Z","128","Assault/Battery Offenses"
"c1f5d730-eeaa-4b6e-882a-56c6cf2173fe","***","2026-06-06T12:04:18.881Z","128","Assault/Battery Offenses"
"bc104c89-f896-4522-acb0-4c3e1688f845","***","2026-06-06T20:57:38.771Z","101","Assault/Battery Offenses (Domestic)"
"f05153b0-3620-4a1f-aa88-03caa0b23af6","***","2026-06-06T20:57:48.620Z","3","Motor Vehicle Theft/Stolen"
"75acfa4b-da6b-496f-994e-cb0ab1f7f95c","***","2026-06-06T23:46:47.388Z","128","Missing/Endangered Person/Runaway"
"00133c7c-e5d0-41b1-9e00-09b9ce57915c","***","2026-06-07T01:06:11.939Z","128","Robbery"
"ab64959d-7c85-43d9-8fcf-12dd3bc12bea","***","2026-06-07T03:30:28.560Z","128","Robbery"
"64053dba-8d2b-48db-a61d-e5b5f84fee3d","***","2026-06-07T03:38:26.542Z","128","Wanted Person (Arrest Warrant/Fugitive)"
"dbdde9d8-8290-4b4c-b588-44b07996dfce","***","2026-06-07T04:02:11.031Z","128","Larceny/Theft Offenses"
"304e3c63-d9bc-4198-97a3-52ad4f2c5823","***","2026-06-07T07:25:18.088Z","128","Weapons Offense (Guns/Shots Fired)"
"e7f796ad-71de-4b2a-a11c-62c132d3a05f","***","2026-06-07T07:47:14.222Z","3","Weapons Offense (Guns/Shots Fired)"
"aa62947c-3dfe-4353-8323-85c537db35d3","***","2026-06-07T08:14:29.165Z","101","Weapons Offense (Guns/Shots Fired)"
"4ef9ba06-0c07-44aa-8a07-a688a7049359","***","2026-06-07T08:25:51.126Z","3","Weapons Offense (Guns/Shots Fired)"
"778b194f-ba5b-4c96-a91c-66f567c59c01","***","2026-06-07T10:34:31.812Z","3","Assault/Battery Offenses (Domestic)"
"60a86ccc-2a19-495f-a65a-69f50f498bd1","***","2026-06-07T10:34:53.666Z","128","Assault/Battery Offenses"
"8a4fc3eb-e05c-4b4c-86d9-1d8d91503d69","***","2026-06-07T10:34:57.426Z","128","Weapons Offense (Guns/Shots Fired)"
"aee46097-16a8-44c8-9699-61363de4f603","***","2026-06-07T10:59:45.898Z","128","Assault/Battery Offenses (Domestic)"
"039bb387-e657-456d-8dc3-088159ab5c82","***","2026-06-07T11:47:45.416Z","7","Weapons Offense (Guns/Shots Fired)"
"a4305c4b-493d-4c1b-b5de-fdf67188fe4d","***","2026-06-07T12:20:45.443Z","128","Assault/Battery Offenses (Domestic)"
"4f251a80-b779-48f9-9cf7-0f3b50bd7fdf","***","2026-06-07T14:00:09.666Z","3","Assault/Battery Offenses"
"4c507e1a-2e6e-4ea5-9833-4f629278d8e9","***","2026-06-07T15:01:42.826Z","3","Assault/Battery Offenses"
"1838570c-17d6-4e9e-a247-4fea04a93af1","***","2026-06-07T16:52:04.122Z","128","Wanted Person (Arrest Warrant/Fugitive)"
"ae0f870d-ee53-4474-90e3-11e5e63bf902","***","2026-06-07T17:45:27.318Z","101","Wanted Person (Arrest Warrant/Fugitive)"
"8829bbc4-b4be-4824-891e-98835a4751f7","***","2026-06-07T19:38:06.110Z","128","Wanted Person (Arrest Warrant/Fugitive)"
"aa54f669-29af-4593-8377-772ff9d805f4","***","2026-06-07T19:38:43.997Z","101","Wanted Person (Arrest Warrant/Fugitive)"
"c4f441e3-da7f-4d95-b184-35fcfb2b8f47","***","2026-06-07T19:48:24.615Z","101","Wanted Person (Arrest Warrant/Fugitive)"
"a09750f9-6897-4606-b430-2d920adcb2c2","***","2026-06-07T20:00:48.068Z","128","Wanted Person (Arrest Warrant/Fugitive)"
"8907a176-0a83-4e77-8ce2-aa1980ac5409","***","2026-06-07T20:19:29.090Z","101","Wanted Person (Arrest Warrant/Fugitive)"
"6d784e6d-6114-48f4-801e-df4d259fa603","***","2026-06-07T21:31:51.954Z","128","Wanted Person (Arrest Warrant/Fugitive)"
"f6e1b9f9-326b-463e-a316-77489e52af13","***","2026-06-07T22:02:48.464Z","128","Wanted Person (Arrest Warrant/Fugitive)"
"32192d8c-4c7a-4962-9822-95be3708bf25","***","2026-06-07T22:59:59.142Z","3","Weapons Offense (Guns/Shots Fired)"
"cd87c148-0ff9-4ed4-bd94-988966bcb185","***","2026-06-07T23:33:57.210Z","128","Assault/Battery Offenses"
"6190041d-00d7-40f3-979c-6267cf4febdc","***","2026-06-07T23:37:10.736Z","3","Wanted Person (Arrest Warrant/Fugitive)"
"82c08898-de0a-47c4-939c-6bb28c1f423e","***","2026-06-08T00:53:36.809Z","128","Assault/Battery Offenses (Domestic)"
"532ddf7f-a925-4f3a-92d3-5d3ec452fa60","***","2026-06-08T01:19:40.864Z","3","Wanted Person (Arrest Warrant/Fugitive)"
"8e2b636f-c9e2-42f3-be52-aafe894084f2","***","2026-06-08T07:51:44.064Z","101","Assault/Battery Offenses"
"fcfa6df0-3621-4ef6-99fe-fa34fed70f40","***","2026-06-08T13:09:19.619Z","3","Missing/Endangered Person/Runaway"
"0a807edb-3299-4c69-89b4-fa31f590eb15","***","2026-06-08T14:44:11.302Z","3","Destruction/Damage/Vandalism of Property"
"b5011915-d31e-4ece-81c8-eb7b860979b3","***","2026-06-08T15:05:43.901Z","3","Destruction/Damage/Vandalism of Property"
"ecb1df99-63f9-47c1-a2d0-8e2b63cc727b","***","2026-06-08T17:22:20.485Z","128","Financial Crime (Embezzlement/Fraud)"
"6d2821d1-3ddf-466d-8321-2887876e9cec","***","2026-06-08T17:46:27.735Z","128","Missing/Endangered Person/Runaway"
"501d59e5-0ea9-49ee-804b-a945c94d1815","***","2026-06-08T18:36:07.714Z","128","Wanted Person (Arrest Warrant/Fugitive)"
"e1d60b9a-d66a-415d-a151-85ac23ced4da","***","2026-06-08T19:01:40.751Z","3","Criminal Motor Vehicle Offense (incl. Road Rage/Reckless)"
"196f1343-a5f1-4bce-afff-7d8f6bc31b05","***","2026-06-08T20:43:56.109Z","128","Financial Crime (Embezzlement/Fraud)"
"569f1952-cae9-4f70-857f-ac298cc10689","***","2026-06-08T20:59:57.418Z","128","Assault/Battery Offenses (Domestic)"
"672e88fe-99b6-4110-8953-b404183dd5b1","***","2026-06-08T21:05:14.376Z","128","Assault/Battery Offenses (Domestic)"
"9345d067-6b9f-4b71-8035-960b4e191513","***","2026-06-08T22:11:10.200Z","128","Financial Crime (Embezzlement/Fraud)"
"c59638c7-0388-4f48-992d-f0404b4f9676","***","2026-06-08T23:00:30.512Z","101","Financial Crime (Embezzlement/Fraud)"
"44238c4e-361a-4335-a083-03aa8dfc4fc2","***","2026-06-08T23:03:00.306Z","3","Financial Crime (Embezzlement/Fraud)"
"723d3679-0584-4832-9048-365b9f8dc751","***","2026-06-08T23:11:26.042Z","128","Assault/Battery Offenses"
"399a3e49-5bbf-41b9-8c68-e572175ff965","***","2026-06-08T23:11:55.292Z","128","Larceny/Theft Offenses"
"790c3c7c-c5a7-48da-b254-03e9ab66bffb","***","2026-06-09T00:13:43.574Z","101","Obstructing the Police (Fleeing/Eluding)"
"b4a6625a-3fa3-4ff7-bc46-8d579f38b897","***","2026-06-09T00:53:30.687Z","101","Financial Crime (Embezzlement/Fraud)"
"e51e1229-0503-4e70-a84e-40307006e37a","***","2026-06-09T01:02:10.259Z","101","Obstructing the Police (Fleeing/Eluding)"
"60e19d91-bcf0-4854-a87b-67102507a4b3","***","2026-06-09T01:12:43.189Z","128","Weapons Offense (Guns/Shots Fired)"
"83c58a19-d593-4d75-acfe-aa0fafe37b9c","***","2026-06-09T01:21:47.091Z","3","Wanted Person (Arrest Warrant/Fugitive)"
"a23c61bb-3fcc-4d92-bc99-055c54c5017d","***","2026-06-09T01:31:51.168Z","128","Assault/Battery Offenses"
"bbf2496a-2414-4581-bd9f-6065e291ef25","***","2026-06-09T02:00:15.512Z","101","Obstructing the Police (Fleeing/Eluding)"
"f05ad2a4-ff74-4f7a-baf8-686eb4a5bdb9","***","2026-06-09T02:14:05.791Z","128","Assault/Battery Offenses (Domestic)"
"bfb2c21a-8781-4b7e-9ecb-5e7a39a74ff0","***","2026-06-09T02:55:34.855Z","128","Assault/Battery Offenses (Domestic)"
"145a8be3-92cb-4a6e-b0b0-665deea0f04d","***","2026-06-09T03:24:16.486Z","101","Obstructing the Police (Fleeing/Eluding)"
"b6435c75-32c4-409a-af4d-c2910287b985","***","2026-06-09T03:35:27.235Z","128","Wanted Person (Arrest Warrant/Fugitive)"
"53eaf598-5d8e-47c2-a50c-c6899773052f","***","2026-06-09T04:03:32.341Z","3","Obstructing the Police (Fleeing/Eluding)"
"f802a5cd-b802-47e9-9c81-3779c1eda182","***","2026-06-09T05:00:23.470Z","8","Obstructing the Police (Fleeing/Eluding)"
"7da11380-4551-4ef4-b907-94b145e60ba3","***","2026-06-09T06:00:05.973Z","8","Obstructing the Police (Fleeing/Eluding)"
"2d35c4f8-b93b-4ca9-bc1c-06e48dc444c9","***","2026-06-09T07:01:38.735Z","8","Obstructing the Police (Fleeing/Eluding)"
"f6abe2bb-2823-4652-b059-ab7e0fa6c78d","***","2026-06-09T10:49:07.075Z","128","Motor Vehicle Theft/Stolen"
"e11a3adb-6b33-433e-8936-aa1368b86645","***","2026-06-09T16:52:35.464Z","128","Motor Vehicle Theft/Stolen"
"ca51b60b-e785-472b-b13d-677584e7daff","***","2026-06-09T18:40:49.684Z","128","Wanted Person (Arrest Warrant/Fugitive)"
"98ff6b27-c3e9-4e6f-9618-b23f5e6f63e8","***","2026-06-09T18:53:54.184Z","127","Child Abuse/Neglect"
"b780356f-16aa-40ff-ae74-ed64f1df34a8","***","2026-06-09T21:57:54.396Z","116","Wanted Person (Arrest Warrant/Fugitive)"
"3cacd561-2c92-4ee5-bc01-9f4e4e659df1","***","2026-06-09T22:19:57.521Z","127","Larceny/Theft Offenses"
"461d737a-96bd-437e-9511-96e97c9d2f60","***","2026-06-09T22:45:58.095Z","3","Wanted Person (Arrest Warrant/Fugitive)"
"3a332d42-1b80-4966-8142-c83b3bf59ee4","***","2026-06-09T23:27:32.921Z","127","Motor Vehicle Theft/Stolen"
"099d9d17-0ba4-43e2-9e62-3a9d02a34cd9","***","2026-06-10T02:46:58.305Z","127","Motor Vehicle Theft/Stolen"
"34226f58-8aee-4e42-82b9-6fc4297f17e9","***","2026-06-10T04:58:57.930Z","127","Motor Vehicle Theft/Stolen"
"3c287d56-e3de-4096-8bd0-c7a1506d541e","***","2026-06-10T06:54:43.145Z","127","Weapons Offense (Guns/Shots Fired)"
"42734ca0-c22e-4ea0-9d72-67cbe7b80cd8","***","2026-06-10T07:00:47.149Z","3","Weapons Offense (Guns/Shots Fired)"
"26f91483-c4b0-4e45-83d5-48341d352870","***","2026-06-10T08:04:10.665Z","127","Motor Vehicle Theft/Stolen"
"ca39ec6c-ea4d-497c-bbcc-0f5333f73df3","***","2026-06-10T16:09:31.735Z","127","Wanted Person (Arrest Warrant/Fugitive)"
"591a5e2b-6743-48a9-8d74-8590186bca7d","***","2026-06-10T16:44:51.249Z","127","Wanted Person (Arrest Warrant/Fugitive)"
"c7980a00-18b6-42dd-a670-f8630c59a7f4","***","2026-06-10T16:54:06.678Z","127","Wanted Person (Arrest Warrant/Fugitive)"
"0da51101-6d12-4adf-88ce-096c9652a38e","***","2026-06-10T19:52:37.975Z","127","Wanted Person (Arrest Warrant/Fugitive)"
"40e9e0c1-6913-4520-844a-0333462b62f3","***","2026-06-10T19:59:01.411Z","3","Motor Vehicle Theft/Stolen"
"c9bb1375-f1ca-4592-a897-42f5c261d5e0","***","2026-06-10T20:05:00.105Z","127","Stolen Property Offenses"
"a68aa4e6-59d2-45cc-bf1d-25ee687588e7","***","2026-06-10T20:24:01.673Z","3","Larceny/Theft Offenses"
"e223bb4f-4e35-44e9-850e-ff020b039750","***","2026-06-10T22:25:03.934Z","127","Assault/Battery Offenses (Domestic)"
"ea4384ce-b822-4dd6-a69e-5a2415352ec6","***","2026-06-10T23:29:31.275Z","101","Drugs/Narcotics"
"1d4b242d-5c3b-47ab-96d2-7d3de42f524e","***","2026-06-11T00:40:35.301Z","127","Criminal Motor Vehicle Offense (incl. Road Rage/Reckless)"
"5f34a639-0ff5-4599-880e-40bd7de0d123","***","2026-06-11T06:07:15.348Z","10","Larceny/Theft Offenses"
"8d30392d-9d55-4b0e-8c1c-6e0a6a71d7dd","***","2026-06-11T06:27:00.077Z","10","Larceny/Theft Offenses"
"acd3bdc8-5a7d-46f6-b0a3-b0ca0e199efb","***","2026-06-11T08:00:52.638Z","127","Protective/Protection Order"
"b31ee20d-a16c-4f7d-9626-541f0d84de28","***","2026-06-11T08:16:36.643Z","6","Assault/Battery Offenses"
"78f3a8c9-3ade-4b34-a226-f806838210e5","***","2026-06-11T15:32:17.743Z","127","Threats/Harassment"
"76b87d88-af1f-4d80-a256-611c99f84e50","***","2026-06-11T20:33:09.587Z","1","Obstructing the Police (Fleeing/Eluding)"
"4c800763-80e8-486e-a216-839701278dc7","***","2026-06-11T20:40:39.177Z","127","Obstructing the Police (Fleeing/Eluding)"
"d6fa7693-2b1e-433d-bec4-5f8695cb884d","***","2026-06-11T21:01:14.064Z","3","Obstructing the Police (Fleeing/Eluding)"
"a7db155c-b00c-45ec-bdbc-05d97af92915","***","2026-06-11T21:04:30.620Z","3","Motor Vehicle Theft/Stolen"
"fcb54290-5b55-4ff0-9318-88ff2d6b29e4","***","2026-06-11T21:37:58.893Z","101","Criminal Motor Vehicle Offense (incl. Road Rage/Reckless)"
"3c2a49e9-9bfd-400e-9309-5692129c1c4d","***","2026-06-11T22:38:12.040Z","3","Obstructing the Police (Fleeing/Eluding)"
"f252bba1-80c4-454d-bbbb-8d26e8c982e0","***","2026-06-11T23:27:03.123Z","127","Motor Vehicle Theft/Stolen"
"ca328aa5-0530-42db-b3fa-1d044e8c9bba","***","2026-06-11T23:35:40.158Z","3","Drugs/Narcotics"
"ab3e63c8-da08-4c08-9eae-1049880a6730","***","2026-06-12T00:56:31.913Z","10","Weapons Offense (Guns/Shots Fired)"
"8b55f1bd-ad79-4922-b0aa-01c1b435cd4d","***","2026-06-12T00:57:16.016Z","101","Wanted Person (Arrest Warrant/Fugitive)"
"3ddaca82-d3c4-4077-bb24-967b69cc88ef","***","2026-06-12T00:58:28.452Z","3","Wanted Person (Arrest Warrant/Fugitive)"
"af17c52a-1bf4-440d-926b-2e3d4c6a1377","***","2026-06-12T01:38:41.725Z","127","Assault/Battery Offenses (Domestic)"
"972777e8-05f3-48e3-92a7-3bf986ff0b06","***","2026-06-12T04:13:30.675Z","127","Assault/Battery Offenses (Domestic)"
"efa44dc5-9e20-47a7-9886-e963309c509e","***","2026-06-12T05:17:48.431Z","127","Assault/Battery Offenses (Domestic)"
"30950ad1-78f8-48e1-9b47-05a294115cf3","***","2026-06-12T12:57:35.369Z","127","Assault/Battery Offenses"
"5a1a538b-707e-48cc-a98c-396857ebe704","***","2026-06-12T13:02:24.201Z","3","Assault/Battery Offenses"
"48c9606b-9898-4347-84ed-eb17caad2434","***","2026-06-12T16:00:35.816Z","127","Wanted Person (Arrest Warrant/Fugitive)"
"338acb58-d6b2-440b-b76c-9df137274166","***","2026-06-12T16:08:34.311Z","127","Wanted Person (Arrest Warrant/Fugitive)"
"97aea75a-49e6-4fb3-b8db-f8d956c9a4fa","***","2026-06-12T17:02:30.644Z","127","Wanted Person (Arrest Warrant/Fugitive)"
"dd5bcce6-960f-493a-88dc-53028d9e733f","***","2026-06-12T17:17:51.786Z","127","Driving Under the Influence (DUI/DWI/OWI/OVI)"
"b33f0a47-38f7-4a48-836a-effeb6b8ed6f","***","2026-06-12T17:36:43.304Z","127","Wanted Person (Arrest Warrant/Fugitive)"
"402c9bf5-48bb-465b-8177-c9ba55326bce","***","2026-06-12T17:42:29.104Z","127","Wanted Person (Arrest Warrant/Fugitive)"
"9c6eb14b-a6e8-4c94-ae61-1bdb6f4ceb9f","***","2026-06-12T17:56:10.397Z","127","Wanted Person (Arrest Warrant/Fugitive)"
"ba87e3a5-454d-451f-84aa-aee8a194d0f2","***","2026-06-12T18:00:22.712Z","127","Wanted Person (Arrest Warrant/Fugitive)"
"0c64f60e-2a57-4573-9e07-0405e80334d0","***","2026-06-12T18:02:52.300Z","127","Wanted Person (Arrest Warrant/Fugitive)"
"086c48e5-21e2-4cb0-8851-876a0402ffac","***","2026-06-12T18:07:31.045Z","127","Wanted Person (Arrest Warrant/Fugitive)"
"d64d32d0-ebd4-4d03-9a6a-57862bdbc54b","***","2026-06-12T18:14:47.995Z","127","Wanted Person (Arrest Warrant/Fugitive)"
"164686ff-81eb-4316-a9a4-b49cbf6b7716","***","2026-06-12T18:15:38.231Z","127","Criminal Motor Vehicle Offense (incl. Road Rage/Reckless)"
"24f2ba78-1b6f-45b6-9416-8e3d0ac7dac4","***","2026-06-12T18:35:39.630Z","127","Criminal Motor Vehicle Offense (incl. Road Rage/Reckless)"
"aa52284e-8151-42de-8d08-1e14a078efec","***","2026-06-12T19:02:11.855Z","3","Criminal Motor Vehicle Offense (incl. Road Rage/Reckless)"
"391bcbb1-2f72-465e-ae35-652e492f704a","***","2026-06-12T19:04:01.988Z","127","Larceny/Theft Offenses"
"c5ffa876-6cf0-4b72-ae1b-18582b53b2a8","***","2026-06-12T20:39:17.723Z","3","Assault/Battery Offenses (Domestic)"
"c1793ace-4513-43a8-bd1a-a7b99d89b3bb","***","2026-06-12T22:33:33.479Z","1","Criminal Motor Vehicle Offense (incl. Road Rage/Reckless)"
"c4bfa4fb-3ffe-48ec-810b-28c821b2d7f7","***","2026-06-12T23:06:00.516Z","127","Motor Vehicle Theft/Stolen"
"052e4a86-a54f-4cb5-8d26-8609ec1f1b18","***","2026-06-12T23:31:29.865Z","127","Larceny/Theft Offenses"
"40ff28ce-9432-4e2a-acd5-db72dc7391a8","***","2026-06-12T23:32:22.327Z","127","Assault/Battery Offenses (Domestic)"
"d58154de-d167-4139-a633-ef20b001c19e","***","2026-06-13T01:29:08.682Z","101","Assault/Battery Offenses (Domestic)"
"3f2f032b-c037-48e5-9a17-6af1fb20ad52","***","2026-06-13T02:11:33.842Z","101","Assault/Battery Offenses (Domestic)"
"4d7caae3-3a7b-4a2e-a1fd-3e03a284b2ff","***","2026-06-13T02:59:26.085Z","101","Protective/Protection Order"
"4dd75791-54c6-4bcc-a73a-e2a579ebb0bd","***","2026-06-13T03:00:14.044Z","10","Protective/Protection Order"
"8e82d12f-89fa-4f1f-9a6d-44aa399e4d03","***","2026-06-13T03:44:37.085Z","3","Assault/Battery Offenses (Domestic)"
"dfb20334-dcc1-400d-b058-2ba9de2659cd","***","2026-06-13T05:26:40.824Z","127","Assault/Battery Offenses"
"e925660f-1787-4c41-ab52-c4a31e50a492","***","2026-06-13T06:00:01.363Z","101","Assault/Battery Offenses"
"55ce4a5b-50c7-4173-9ef5-777295269ff1","***","2026-06-13T10:46:38.995Z","127","Threats/Harassment"
"262ea095-fade-4029-b60a-b84967d85262","***","2026-06-13T11:11:34.214Z","3","Threats/Harassment"
"0e78ce86-9fb7-4de4-a291-7775daff12ad","***","2026-06-13T17:35:57.638Z","127","Wanted Person (Arrest Warrant/Fugitive)"
"443ca20c-4d83-42f5-98f3-066ee6a70505","***","2026-06-13T20:36:33.367Z","127","Sex Offenses"
"77bf4291-36a6-46f1-b97b-44d839d17780","***","2026-06-14T00:35:19.117Z","127","Sex Offenses"
"68f06e54-df45-4209-98af-7c56d8a1cdf4","***","2026-06-14T02:25:16.899Z","127","Sex Offenses"
"1510d850-0470-4f14-9994-9d3c16332059","***","2026-06-14T08:22:36.503Z","127","Driving Under the Influence (DUI/DWI/OWI/OVI)"
"cc9be6e9-a45e-4b52-bb66-d40efe976b38","***","2026-06-14T16:00:43.885Z","3","Destruction/Damage/Vandalism of Property"
"c751473b-ed63-4532-bf27-49d1803aa3f7","***","2026-06-14T16:22:10.452Z","127","Destruction/Damage/Vandalism of Property"
"d02ec3e3-8280-45f5-9dbd-15406700dc14","***","2026-06-14T22:18:28.006Z","127","Destruction/Damage/Vandalism of Property"
"ab37aadc-b221-4361-aacf-8a200bcbc3db","***","2026-06-14T22:21:00.470Z","127","Destruction/Damage/Vandalism of Property"
"1d7c1f1a-6422-464d-870d-bb9058cb4af8","***","2026-06-15T02:11:34.576Z","127","Destruction/Damage/Vandalism of Property"
"13b89c00-abab-4b1d-8f06-3a403dbeff2e","***","2026-06-15T02:15:34.252Z","127","Wanted Person (Arrest Warrant/Fugitive)"
"e67f4f02-a67c-4637-8f88-db409e20eb99","***","2026-06-15T05:37:44.832Z","101","Assault/Battery Offenses (Domestic)"
"52d1f631-b498-466e-9343-233778f5fdf4","***","2026-06-15T05:39:58.908Z","127","Criminal Motor Vehicle Offense (incl. Road Rage/Reckless)"
"06363a40-54c0-4667-9dc1-42657d00db00","***","2026-06-15T06:02:34.456Z","127","Motor Vehicle Theft/Stolen"
"67637c13-a366-483b-8964-60dad5747a4a","***","2026-06-15T10:49:56.920Z","3","Motor Vehicle Theft/Stolen"
"3bc772c4-01fb-4583-8304-578ffa1ce02a","***","2026-06-15T16:08:16.124Z","127","Wanted Person (Arrest Warrant/Fugitive)"
"72567981-b804-43ba-96a8-8b7467ae42de","***","2026-06-15T17:14:10.110Z","127","Wanted Person (Arrest Warrant/Fugitive)"
"5c334d93-aae6-4d6e-be79-3ee6520bc5a5","***","2026-06-15T18:13:27.838Z","3","Motor Vehicle Theft/Stolen"
"588a6024-1ae5-4c07-9d6a-68779ce82008","***","2026-06-15T18:45:51.228Z","101","Weapons Offense (Guns/Shots Fired)"
"f703882c-1cdb-417c-bc32-cc96a7662a65","***","2026-06-15T19:07:25.859Z","127","Motor Vehicle Theft/Stolen"
"8bfc39de-9d3e-408c-90b8-5dda7199c0d0","***","2026-06-15T21:12:45.192Z","3","Larceny/Theft Offenses"
"a5919e2c-2b16-459f-859f-a73d5f7e9400","***","2026-06-16T00:29:15.021Z","3","Larceny/Theft Offenses"
"8961b9fa-9cfa-4486-b16d-e2b30832641c","***","2026-06-16T00:29:27.894Z","3","Wanted Person (Arrest Warrant/Fugitive)"
"a4426972-2cc8-483b-96ec-73888d2d4e9a","***","2026-06-16T02:21:59.433Z","127","Assault/Battery Offenses (Domestic)"
"6e90a242-8a47-4f0a-933a-79d108ca14d4","***","2026-06-16T15:04:07.767Z","3","Criminal Motor Vehicle Offense (incl. Road Rage/Reckless)"
"71ff65b0-cde0-45a8-acde-81afcfdf3412","***","2026-06-16T17:57:42.446Z","127","Protective/Protection Order"
"8d5628ee-1a8e-472b-b74d-cfbfed4a71d8","***","2026-06-16T18:06:11.101Z","127","Wanted Person (Arrest Warrant/Fugitive)"
"acf0a1ba-1a43-4388-985f-8e5ff3b476ad","***","2026-06-16T19:26:12.155Z","3","Assault/Battery Offenses (Domestic)"
"e5ae41b0-656b-47c5-b2d0-c091ed8d1eab","***","2026-06-16T21:24:48.347Z","1","Missing/Endangered Person/Runaway"
"74c4a215-537c-4eaf-8c82-1caab6ddec23","***","2026-06-16T23:19:56.732Z","101","Wanted Person (Arrest Warrant/Fugitive)"
"5e957496-20a2-4f44-8f0f-47dc7302611b","***","2026-06-17T03:08:38.442Z","127","Weapons Offense (Guns/Shots Fired)"
"266deef1-cf31-4ffe-b664-d1fe7d3ba854","***","2026-06-17T03:59:47.680Z","3","Weapons Offense (Guns/Shots Fired)"
"bed788a9-2577-43de-8b33-b0196a106980","***","2026-06-17T04:00:30.841Z","3","Weapons Offense (Guns/Shots Fired)"
"9def79cb-4cdf-4ba7-97a1-43157cb950ad","***","2026-06-17T07:00:15.060Z","127","Criminal Motor Vehicle Offense (incl. Road Rage/Reckless)"
"11455191-7cc6-4ce7-8438-4f97960524b0","***","2026-06-17T07:04:46.099Z","127","Obstructing the Police (Fleeing/Eluding)"
"e4552807-a0ba-471c-a2c6-dd23217d2c32","***","2026-06-17T07:05:33.858Z","3","Criminal Motor Vehicle Offense (incl. Road Rage/Reckless)"
"f733edcf-bb32-46f0-8279-5ccd6da22adf","***","2026-06-17T11:37:14.513Z","127","Criminal Motor Vehicle Offense (incl. Road Rage/Reckless)"
"59c3c194-36e6-4302-9e0b-5743956c6a33","***","2026-06-17T11:47:11.799Z","3","Destruction/Damage/Vandalism of Property"
"4df834d7-84a7-498c-9164-25d1811e1b96","***","2026-06-17T12:10:29.719Z","3","Destruction/Damage/Vandalism of Property"
"eac7d4d9-a913-4f58-9d9d-09650b1a614b","***","2026-06-17T19:37:21.394Z","127","Weapons Offense (Guns/Shots Fired)"
"9e11037c-dd78-4a73-801c-0afff2dcc19a","***","2026-06-17T19:51:26.234Z","3","Weapons Offense (Guns/Shots Fired)"
"f0a1c591-26db-4ff2-b470-1005c7531ab8","***","2026-06-17T20:14:02.313Z","101","Weapons Offense (Guns/Shots Fired)"
"c9afc6e3-4fad-4970-8766-a0edaf448626","***","2026-06-18T17:26:58.050Z","3","Weapons Offense (Guns/Shots Fired)"
"56b74e64-5b5c-4c5b-9df5-8d4dab04f20a","***","2026-06-18T17:42:18.847Z","127","Wanted Person (Arrest Warrant/Fugitive)"
"e4603fdb-e1dc-40cb-a8bf-f8edb14472a8","***","2026-06-18T18:36:27.809Z","101","Weapons Offense (Guns/Shots Fired)"
"ff9d27e7-94ca-4cee-9123-2446bc520abf","***","2026-06-18T18:53:44.320Z","127","Drugs/Narcotics"
"bdcec3cc-ed3e-4d01-a4d1-6bffb23dbfb2","***","2026-06-18T19:54:53.883Z","127","Weapons Offense (Guns/Shots Fired)"
"aac07f06-d8ff-4889-812f-d9326fb4f05d","***","2026-06-18T20:19:15.300Z","127","Assault/Battery Offenses (Domestic)"
"f5ce38cc-756f-45d9-81f9-1c06f41e4df0","***","2026-06-18T22:16:14.287Z","127","Weapons Offense (Guns/Shots Fired)"
"663a79f9-a613-44be-b172-5a9713df46a9","***","2026-06-19T22:49:46.247Z","127","Motor Vehicle Theft/Stolen"
"f4102129-cf71-4b6e-9a33-23be75c66db2","***","2026-06-20T02:18:11.485Z","3","Wanted Person (Arrest Warrant/Fugitive)"
"f5dbb56f-5a22-442c-ab38-42208a02637d","***","2026-06-20T02:27:31.809Z","3","Wanted Person (Arrest Warrant/Fugitive)"
"0e44be29-7e31-4f21-a08f-631633b7b438","***","2026-06-20T05:26:10.614Z","127","Wanted Person (Arrest Warrant/Fugitive)"
"9056a849-5ca0-4151-9ae1-44f04a8c776d","***","2026-06-20T06:07:39.889Z","127","Criminal Motor Vehicle Offense (incl. Road Rage/Reckless)"
"c0daeb67-b013-4ccb-b57a-c680cfcdc14b","***","2026-06-20T07:34:43.969Z","3","Criminal Motor Vehicle Offense (incl. Road Rage/Reckless)"
"ce75030d-af90-4d62-8aec-f59ee6c434b3","***","2026-06-20T13:36:16.459Z","3","Threats/Harassment"
"ed767925-64a3-4508-81c7-51bcbb5da2f1","***","2026-06-20T16:12:34.665Z","127","Wanted Person (Arrest Warrant/Fugitive)"
"c06da910-e3e4-438d-be38-60549c644734","***","2026-06-20T16:26:32.575Z","127","Motor Vehicle Theft/Stolen"
"414d34fc-2776-451e-a821-7f82ac26af7e","***","2026-06-20T17:32:32.116Z","127","Wanted Person (Arrest Warrant/Fugitive)"
"fbfc714f-aaa4-4259-b8bc-afae54e3138b","***","2026-06-20T18:21:22.028Z","127","Motor Vehicle Theft/Stolen"
"b800df1f-4583-4497-a50f-aabea0cc2d88","***","2026-06-20T18:33:43.838Z","101","Assault/Battery Offenses (Domestic)"
"ffd661d8-9961-4748-a6c3-7e25f7c29227","***","2026-06-20T19:25:13.320Z","8","Motor Vehicle Theft/Stolen"
"f125a74d-66f2-4475-ae1a-1f2e78d41fed","***","2026-06-20T19:25:55.343Z","127","Motor Vehicle Theft/Stolen"
"cffaf663-779f-4a67-85fa-79ebe9ebabfb","***","2026-06-20T19:33:12.932Z","3","Assault/Battery Offenses (Domestic)"
"12d30d26-0288-4d72-860e-0ae364609167","***","2026-06-20T21:22:41.388Z","22","Motor Vehicle Theft/Stolen"
"e4113e2b-9351-4e77-bcc9-9537d2c4b241","***","2026-06-20T23:11:14.312Z","127","Motor Vehicle Theft/Stolen"
"9f923d07-f3ca-4905-96ab-f2ce4d4b2c03","***","2026-06-20T23:46:40.197Z","127","Motor Vehicle Theft/Stolen"
"01259fc6-94dc-44a4-a1e1-ebf0b04a4196","***","2026-06-21T04:08:08.784Z","127","Weapons Offense (Guns/Shots Fired)"
"ff92f12b-ffe3-48d8-97b2-f7932e5e5f6f","***","2026-06-21T04:28:37.257Z","101","Wanted Person (Arrest Warrant/Fugitive)"
"5a168c93-3f94-4492-a25e-4e0bae752eea","***","2026-06-21T05:00:01.713Z","127","Weapons Offense (Guns/Shots Fired)"
"a418fbae-ed29-42ca-be53-859553adbe6c","***","2026-06-21T11:13:51.382Z","101","Weapons Offense (Guns/Shots Fired)"
"6ac649ad-59ec-4443-9c8e-71610b1dbca9","***","2026-06-21T15:12:18.371Z","18","Stolen Property Offenses"
"ef899a7b-d102-4b5b-b408-02a6a75f2b06","***","2026-06-21T21:46:24.693Z","127","Sex Offenses"
"42f7b344-3a07-4d10-8287-eb88ecf11acb","***","2026-06-21T22:18:23.388Z","3","Sex Offenses"
"c6504c91-da85-45ca-a23a-037c00dc0dab","***","2026-06-21T23:38:38.033Z","3","Assault/Battery Offenses (Domestic)"
"0acd67c8-9314-4abe-999f-6e730fe91900","***","2026-06-22T00:11:09.735Z","127","Driving Under the Influence (DUI/DWI/OWI/OVI)"
"8e48fa35-f635-4c05-aaad-f0c62045dab3","***","2026-06-22T00:12:08.875Z","127","Criminal Motor Vehicle Offense (incl. Road Rage/Reckless)"
"3391859e-3119-4e89-a286-8014e2f20c10","***","2026-06-22T00:27:37.909Z","127","Criminal Motor Vehicle Offense (incl. Road Rage/Reckless)"
"456aa3cf-6c63-43e4-a752-aa08752f3b0d","***","2026-06-22T00:31:59.186Z","127","Criminal Motor Vehicle Offense (incl. Road Rage/Reckless)"
"19dcdbf1-e607-4ca0-9ea2-9c82b218f1af","***","2026-06-22T02:07:19.791Z","127","Assault/Battery Offenses (Domestic)"
"c0c20a00-a270-4535-91ee-2cc3013c944d","***","2026-06-22T04:05:28.623Z","127","Assault/Battery Offenses (Domestic)"
"c47812dd-bed0-424e-8053-1a3faeb06b1b","***","2026-06-22T05:16:41.118Z","127","Assault/Battery Offenses (Domestic)"
"a91242d0-01fe-4ab3-923e-94f762cea69f","***","2026-06-22T10:00:06.165Z","127","Assault/Battery Offenses"
"c99f21e2-0642-46bb-8031-1730254c0a23","***","2026-06-22T12:48:06.219Z","127","Destruction/Damage/Vandalism of Property"
"816d7702-45b6-491c-9484-40d17d955c6d","***","2026-06-22T16:25:28.871Z","127","Missing/Endangered Person/Runaway"
"70a08bb5-29e1-4b7b-8221-8a9c5e326f60","***","2026-06-22T16:48:53.779Z","127","Motor Vehicle Theft/Stolen"
"1640cd6e-c3d2-41a1-8744-31b47d065237","***","2026-06-22T17:04:57.724Z","127","Motor Vehicle Theft/Stolen"
"9d1aa86b-a6b2-4cfa-80b1-dbb737e48065","***","2026-06-22T17:42:49.632Z","127","Assault/Battery Offenses (Domestic)"
"3449ab10-d599-494e-9910-b12217a66867","***","2026-06-22T18:40:05.768Z","127","Wanted Person (Arrest Warrant/Fugitive)"
"536ab25a-7a13-4b54-92a9-e69c110d8054","***","2026-06-22T19:41:59.308Z","127","Wanted Person (Arrest Warrant/Fugitive)"
"7be867ed-a62d-41d1-9abb-01d5d99cff3e","***","2026-06-22T20:03:53.758Z","3","Wanted Person (Arrest Warrant/Fugitive)"
"be0bf46c-f2e7-4fc5-ba72-bb29e5071b0d","***","2026-06-22T20:46:09.193Z","3","Motor Vehicle Theft/Stolen"
"ef935d4e-0345-4689-a65b-32371d345101","***","2026-06-22T22:20:29.433Z","3","Wanted Person (Arrest Warrant/Fugitive)"
"1af65584-40c6-44f4-a312-2d001c3d8b52","***","2026-06-22T22:37:35.753Z","127","Larceny/Theft Offenses"
"1f7a9e6c-5f50-4359-bb35-d6e4957334d9","***","2026-06-23T00:50:03.193Z","126","Assault/Battery Offenses (Domestic)"
"1fe9b912-b707-46ef-9533-30ceba8512c7","***","2026-06-23T02:28:47.491Z","100","Motor Vehicle Theft/Stolen"
"35576803-5e48-45ab-96da-bca505fc78f8","***","2026-06-23T02:29:34.320Z","6","Stolen Property Offenses"
"9d34bcbc-1a13-449f-828a-6b70d1451d9f","***","2026-06-23T03:28:59.014Z","3","Assault/Battery Offenses (Domestic)"
"a27d3008-c552-4e7b-9da9-18bc915fd961","***","2026-06-23T05:56:50.424Z","126","Weapons Offense (Guns/Shots Fired)"
"0790888f-4df5-47a2-9edd-f5cb0a58fba9","***","2026-06-23T07:12:00.322Z","126","Motor Vehicle Theft/Stolen"
"a9e857da-78d4-4c8d-8b72-b584e1f78992","***","2026-06-23T07:12:20.813Z","100","Motor Vehicle Theft/Stolen"
"f99186b2-c7d3-4936-bbcf-4cbefae9d2f1","***","2026-06-23T07:14:35.522Z","126","Assault/Battery Offenses"
"951b35c3-2a17-4dfd-ae33-a380a4e2f672","***","2026-06-23T07:15:11.207Z","126","Motor Vehicle Theft/Stolen"
"2c91b8ce-67ad-40c5-8771-0015ce856486","***","2026-06-23T08:50:49.557Z","126","Motor Vehicle Theft/Stolen"
"9f17a6a6-5b1e-4a99-ab0e-14dec52eeb53","***","2026-06-23T09:01:02.311Z","126","Motor Vehicle Theft/Stolen"
"f5e909d3-d3be-4f7c-9428-9e5b61a5efce","***","2026-06-23T09:28:57.997Z","6","Assault/Battery Offenses"
"537ced0f-13fc-49af-ace5-ea6e68f04c66","***","2026-06-23T09:50:11.421Z","126","Obstructing the Police (Fleeing/Eluding)"
"51bced90-05d8-49bd-8e74-197c5ee0e3f9","***","2026-06-23T09:54:49.547Z","126","Obstructing the Police (Fleeing/Eluding)"
"c7d8c417-6cc0-4e0e-af60-d168173f6c13","***","2026-06-23T10:02:54.228Z","3","Obstructing the Police (Fleeing/Eluding)"
"d4b31a95-8164-40e7-94ff-b94941ecd1b9","***","2026-06-23T10:03:18.650Z","126","Motor Vehicle Theft/Stolen"
"e7b03e92-1155-4c5b-b2cb-7c6ead4810a2","***","2026-06-23T16:13:21.060Z","3","Drugs/Narcotics"
"057ebeae-90b5-4e05-b666-4402c45bab45","***","2026-06-23T19:33:58.688Z","126","Wanted Person (Arrest Warrant/Fugitive)"
"0baa11d2-3d4c-4dce-aa58-d6251b5b349a","***","2026-06-23T20:02:42.865Z","126","Drugs/Narcotics"
"4a11fcbc-28a9-40b3-901b-f789943c9224","***","2026-06-23T20:02:44.372Z","126","Drugs/Narcotics"
"bab50623-662c-4a9c-9659-93292f55b998","***","2026-06-23T20:53:40.489Z","126","Assault/Battery Offenses (Domestic)"
"3891789b-3c1a-4dd2-8719-95265d6f28ad","***","2026-06-23T22:36:20.918Z","126","Destruction/Damage/Vandalism of Property, Threats/Harassment"
"0162e111-a914-436e-a13d-98aff2dd72da","***","2026-06-23T23:22:36.912Z","3","Drugs/Narcotics"
"45c9704a-f416-4b14-a9f6-3d16cafc1b62","***","2026-06-23T23:36:39.675Z","101","Destruction/Damage/Vandalism of Property, Threats/Harassment"
"35aec309-1f71-488b-91f1-f99252c1ded9","***","2026-06-23T23:39:31.737Z","3","Wanted Person (Arrest Warrant/Fugitive)"
"f0d805f5-04f8-4195-af94-3b410318db57","***","2026-06-24T00:06:46.489Z","126","Destruction/Damage/Vandalism of Property, Threats/Harassment"
"9055d379-511a-4e37-9096-ca94edbde4c1","***","2026-06-24T00:07:31.864Z","126","Destruction/Damage/Vandalism of Property, Threats/Harassment"
"67f13b5f-dd3f-4f2d-9fad-3446007d3209","***","2026-06-24T01:22:41.286Z","126","Larceny/Theft Offenses"
"fbde5efb-0a71-44d0-9d2e-1ce956ace8f2","***","2026-06-24T06:26:16.768Z","2","Protective/Protection Order"
"230fed90-0832-4408-b7f8-b9a7b6219e40","***","2026-06-24T07:08:46.267Z","126","Assault/Battery Offenses"
"d1cc3ec6-3fe9-423c-abb7-4414db3508b7","***","2026-06-24T14:23:56.556Z","126","Motor Vehicle Theft/Stolen"
"74a75a8a-ee6d-49f8-ac1a-78f83a9e12d6","***","2026-06-24T18:19:05.037Z","3","Wanted Person (Arrest Warrant/Fugitive)"
"90c86aa6-83bf-4706-95c9-6382b5d01b3e","***","2026-06-24T18:32:56.391Z","3","Wanted Person (Arrest Warrant/Fugitive)"
"588fa99c-4172-49a1-bba9-e26f976e6e45","***","2026-06-24T18:44:14.400Z","3","Wanted Person (Arrest Warrant/Fugitive)"
"08f1caa1-c80c-4ce1-b64b-ea6b88ce4b51","***","2026-06-24T18:53:49.094Z","3","Missing/Endangered Person/Runaway"
"bbf9a645-376f-4cf3-82d3-fbfed7b991d8","***","2026-06-24T18:59:25.219Z","3","Wanted Person (Arrest Warrant/Fugitive)"
"80971ae0-db9d-4746-84cf-d80ce43499ad","***","2026-06-24T19:14:02.485Z","6","Motor Vehicle Theft/Stolen"
"74aef449-fe5d-48af-8a34-cfa1e60d8c92","***","2026-06-24T20:33:06.862Z","5","Motor Vehicle Theft/Stolen"
"69bff2c5-49f1-4df0-9e0d-479ab76506c0","***","2026-06-24T21:01:31.964Z","3","Motor Vehicle Theft/Stolen"
"ee7741fd-3664-47a9-be2b-c873054b23aa","***","2026-06-25T00:11:59.970Z","126","Destruction/Damage/Vandalism of Property, Stalking"
"926601b6-579a-447a-a63b-9d43a83393e0","***","2026-06-25T01:07:07.407Z","3","Drugs/Narcotics"
"d6f0712a-14eb-4df5-a5c5-c27b7072ea20","***","2026-06-25T01:31:55.077Z","101","Wanted Person (Arrest Warrant/Fugitive)"
"840368ab-6369-432a-b927-7d982368956d","***","2026-06-25T01:31:58.818Z","126","Criminal Motor Vehicle Offense (incl. Road Rage/Reckless)"
"783c2cd3-9b05-4272-ac4e-483001ce3708","***","2026-06-25T02:04:14.843Z","126","Wanted Person (Arrest Warrant/Fugitive)"
"4d5eb24e-1068-4a5b-82b7-67339ec649a0","***","2026-06-25T02:28:54.316Z","126","Wanted Person (Arrest Warrant/Fugitive)"
"0a1ddd66-c08d-45cd-978f-e30bb1611c9e","***","2026-06-25T03:05:51.857Z","126","Wanted Person (Arrest Warrant/Fugitive)"
"05b58852-ff6d-4566-a8ec-fde1dcdd3d99","***","2026-06-25T06:58:06.934Z","126","Motor Vehicle Theft/Stolen"
"5d67add1-cc75-451a-8be4-47354e9d9fbb","***","2026-06-25T07:08:58.833Z","3","Motor Vehicle Theft/Stolen"
"9c0ed61f-73f3-4750-8f25-451c4ef51598","***","2026-06-25T07:18:34.629Z","126","Motor Vehicle Theft/Stolen"
"a7b8b67a-fcc2-4ce9-933d-47597699d137","***","2026-06-25T15:05:14.868Z","126","Motor Vehicle Theft/Stolen"
"d6c4bae6-a606-41f0-8444-61510dcc4d35","***","2026-06-25T15:19:42.499Z","126","Destruction/Damage/Vandalism of Property, Stalking"
"ddbdf096-9642-4a3e-874f-1017482c7ebe","***","2026-06-25T15:34:36.932Z","126","Wanted Person (Arrest Warrant/Fugitive)"
"ab2a9d3e-96f6-40e8-aab0-343311c95f5c","***","2026-06-25T18:37:34.847Z","126","Destruction/Damage/Vandalism of Property, Stalking"
"21a52967-ddf3-409a-8f3a-9ee18cdd6b85","***","2026-06-25T19:12:54.235Z","126","Wanted Person (Arrest Warrant/Fugitive)"
"8e6d766b-0c1d-440f-8be8-3a15f2530c53","***","2026-06-25T19:20:57.432Z","126","Criminal Motor Vehicle Offense (incl. Road Rage/Reckless)"
"8912c187-1e03-4902-8107-ccc0494cef3d","***","2026-06-25T20:27:37.838Z","126","Destruction/Damage/Vandalism of Property, Stalking"
"aa5eef8a-4338-4fe2-b2ae-ff18984043c1","***","2026-06-25T20:38:58.261Z","101","Missing/Endangered Person/Runaway"
"7c862337-47ed-4410-ac1b-01b8dd724e1a","***","2026-06-25T20:52:31.219Z","126","Drugs/Narcotics"
"7cf70765-2f07-49fe-b715-06eb8168e065","***","2026-06-25T21:00:08.628Z","126","Destruction/Damage/Vandalism of Property, Stalking"
"61325b4f-9fb9-4869-9654-09c4b4bc795e","***","2026-06-25T21:00:46.969Z","3","Drugs/Narcotics"
"1c1b530b-7add-4316-a204-f0efc8fe6a42","***","2026-06-25T22:28:12.974Z","126","Destruction/Damage/Vandalism of Property, Stalking"
"1bbf41d2-bb76-4983-ae06-d8b69be071da","***","2026-06-25T23:08:40.891Z","126","Destruction/Damage/Vandalism of Property, Stalking"
"faaaa283-e7b8-4edf-a7ee-da1471a26d93","***","2026-06-25T23:10:23.761Z","126","Child Abuse/Neglect"
"2d3e4036-a481-413c-8c21-3ea929e6a66b","***","2026-06-25T23:21:36.599Z","3","Obstructing the Police (Fleeing/Eluding)"
"a750b8a1-97b2-4a9b-a53d-8e7d6911ff4f","***","2026-06-25T23:28:28.941Z","3","Protective/Protection Order"
"88d90ed6-0266-4b82-8b11-53743e80721f","***","2026-06-26T02:06:16.644Z","126","Wanted Person (Arrest Warrant/Fugitive)"
"e00aecda-6d99-44a1-8431-6d750a977ad1","***","2026-06-26T03:49:06.154Z","126","Wanted Person (Arrest Warrant/Fugitive)"
"e068c6ca-7545-4b25-9cbb-4b70b2a537bd","***","2026-06-26T05:22:48.559Z","126","Missing/Endangered Person/Runaway"
"b70e5d2c-877f-4f93-a1dd-43ede3f45f58","***","2026-06-26T05:23:04.645Z","3","Motor Vehicle Theft/Stolen"
"45e74699-49ef-4278-82ef-e0ee9de3ab4d","***","2026-06-26T05:23:36.056Z","126","Stolen Property Offenses"
"121a8bdd-97f8-4012-803c-c1ab9cfea3a2","***","2026-06-26T07:19:27.822Z","126","Motor Vehicle Theft/Stolen"
"cf673c9e-33d3-482f-8477-a717d890f5d1","***","2026-06-26T08:24:17.105Z","3","Wanted Person (Arrest Warrant/Fugitive)"
"e1724f69-8b1e-41af-8a09-ec5c1ff62e2e","***","2026-06-26T08:26:09.370Z","3","Wanted Person (Arrest Warrant/Fugitive)"
"4646118a-dc24-4662-a2a4-02c388ac4057","***","2026-06-26T09:35:31.769Z","3","Motor Vehicle Theft/Stolen"
"8b771c1f-9791-481e-8260-3bcefa43de38","***","2026-06-26T10:37:05.558Z","126","Driving Under the Influence (DUI/DWI/OWI/OVI)"
"c87bf703-28f6-4402-a53e-d58ebd051df0","***","2026-06-26T11:16:52.441Z","126","Driving Under the Influence (DUI/DWI/OWI/OVI)"
"118116b9-0ede-4cbe-a73c-33d7a17a4455","***","2026-06-26T11:22:03.853Z","126","Assault/Battery Offenses (Domestic)"
"be59c7b9-9588-4e41-bdd3-bf53e7a84410","***","2026-06-26T11:33:01.101Z","126","Assault/Battery Offenses (Domestic)"
"bbeab8a5-a61f-46f0-8445-2cf6a94e6ce6","***","2026-06-26T13:28:41.012Z","126","Wanted Person (Arrest Warrant/Fugitive)"
"79802a51-68d7-475d-a341-f7e83014d3ab","***","2026-06-26T16:58:03.580Z","126","Wanted Person (Arrest Warrant/Fugitive)"
"4c0a967d-e3a9-4d57-b2dc-c2e27c5aa7b1","***","2026-06-26T17:11:34.184Z","126","Wanted Person (Arrest Warrant/Fugitive)"
"3e309f4d-45a7-44dd-9f79-4bd611e41934","***","2026-06-26T21:59:19.828Z","101","Larceny/Theft Offenses"
"023e6af5-3b62-436f-a5ef-f0126d13e21b","***","2026-06-26T22:02:12.539Z","101","Larceny/Theft Offenses"
"8492a11c-09d7-41d6-876f-d83278b5e0ab","***","2026-06-26T22:07:02.079Z","126","Larceny/Theft Offenses"
"56303988-d399-4817-9dda-39f467cd8bb1","***","2026-06-26T23:18:09.504Z","126","Wanted Person (Arrest Warrant/Fugitive)"
"1b430d3f-1396-4849-841a-5715b74fbe21","***","2026-06-26T23:21:36.099Z","126","Wanted Person (Arrest Warrant/Fugitive)"
"21f6c2b8-8db1-4e6f-b222-6abc078bc28b","***","2026-06-26T23:25:54.583Z","126","Wanted Person (Arrest Warrant/Fugitive)"
"36384657-0a6b-4500-b867-6c908ac53705","***","2026-06-26T23:33:24.410Z","126","Wanted Person (Arrest Warrant/Fugitive)"
"6b9c20ba-2865-479e-be75-62a69f704b34","***","2026-06-26T23:34:51.363Z","126","Wanted Person (Arrest Warrant/Fugitive)"
"205cc74b-471c-4028-8256-5248e24bc6d7","***","2026-06-26T23:37:45.555Z","126","Wanted Person (Arrest Warrant/Fugitive)"
"fbe51b45-29c4-4524-b8c8-f56a7c7879ae","***","2026-06-26T23:41:30.191Z","126","Wanted Person (Arrest Warrant/Fugitive)"
"dd591550-94a1-4c79-a44b-728bbec49c15","***","2026-06-26T23:45:20.919Z","101","Drugs/Narcotics"
"166606cf-0211-47f7-94e3-e88c3bf14839","***","2026-06-27T00:06:01.041Z","3","Drugs/Narcotics"
"fcadb9f6-d7a2-4b67-b27b-ee8b20090930","***","2026-06-27T00:54:48.422Z","126","Wanted Person (Arrest Warrant/Fugitive)"
"5365e8e6-d0a5-4044-8691-af28c8fd189d","***","2026-06-27T00:58:33.150Z","126","Wanted Person (Arrest Warrant/Fugitive)"
"f574f564-74ab-4061-8a6e-42d9b8314e69","***","2026-06-27T01:02:12.627Z","126","Wanted Person (Arrest Warrant/Fugitive)"
"9a11aabd-3ea2-436c-9118-8ca9422e9202","***","2026-06-27T01:05:17.879Z","126","Wanted Person (Arrest Warrant/Fugitive)"
"53ce9431-0e3f-4fc6-aa68-b2d719f129bd","***","2026-06-27T01:08:20.005Z","126","Wanted Person (Arrest Warrant/Fugitive)"
"cc9fae93-e92d-408f-b8b2-a76d8f05e65b","***","2026-06-27T01:09:26.757Z","126","Wanted Person (Arrest Warrant/Fugitive)"
"1f61c7ac-4e32-4d8f-b35e-e9c158b9db71","***","2026-06-27T01:11:55.325Z","126","Wanted Person (Arrest Warrant/Fugitive)"
"13758642-aaed-42eb-870f-32ee6a30ba95","***","2026-06-27T01:14:49.848Z","126","Wanted Person (Arrest Warrant/Fugitive)"
"4f6603d3-4233-4414-8c94-000e4bb71f67","***","2026-06-27T01:25:54.825Z","126","Protective/Protection Order"
"e6a04054-a540-4bb8-8787-abcfa86a30fc","***","2026-06-27T02:11:43.905Z","101","Larceny/Theft Offenses"
"7ea6b684-eb7f-45a4-a09b-7572ab50aed7","***","2026-06-27T03:11:47.486Z","126","Wanted Person (Arrest Warrant/Fugitive)"
"5133d208-423e-4983-b763-ed972cd7e1bf","***","2026-06-27T03:28:07.259Z","101","Larceny/Theft Offenses"
"c988918c-0ab6-456b-8ae8-36d69d97b4e1","***","2026-06-27T04:51:12.404Z","10","Robbery"
"eeb59338-6e3b-434a-b862-e04861369cff","***","2026-06-27T04:51:26.785Z","3","Robbery"
"75afbada-df3f-412c-aa89-2950276dc150","***","2026-06-27T08:22:56.821Z","126","Arson"
"e6b6c86e-79bf-4d7e-a111-6aa67786f8d1","***","2026-06-27T20:03:34.943Z","126","Motor Vehicle Theft/Stolen"
"1ee54f2f-776d-4241-912a-1e87bffacac0","***","2026-06-27T21:07:04.270Z","3","Motor Vehicle Theft/Stolen"