"id","searchDate","networkCount","offenseType"
"1a647bb6-51cc-4e34-b797-e40ad377bc1e","2026-07-21T00:22:28.521Z","6","Traffic Infraction"
"4184ce10-0a3d-4238-9152-c4c153cf647f","2026-07-21T15:16:17.080Z","2725","Homicide/Death Investigation"
"eded0f47-a871-4ee8-8a62-f65685a90498","2026-07-21T17:52:50.212Z","6385","Drugs/Narcotics"
"d96bcaf1-3e45-4299-90f0-34c5a42d96bb","2026-07-21T19:19:49.992Z","2725","Drugs/Narcotics"
"90a72e79-7a36-450e-947a-70f0d9ef995c","2026-07-22T13:05:30.981Z","2725","Larceny/Theft Offenses"
"d502fd32-9d9a-4650-8d7c-c83be4d4e372","2026-07-22T14:33:08.418Z","2725","Hit and Run/Car Accident"
"51792616-30b7-4007-a52e-abf53434d4b2","2026-07-22T15:07:25.505Z","2724","Hit and Run/Car Accident"
"8f8d2c80-194c-40a5-8e4e-ba763d76b66b","2026-07-22T16:09:40.842Z","2724","Hit and Run/Car Accident"
"5bd0407e-5407-4060-a046-0721b59a3a2e","2026-07-22T17:25:35.166Z","2724","Hit and Run/Car Accident"
"2af46513-f354-457e-91f4-c6af14296e9c","2026-07-22T18:01:11.962Z","202","Drugs/Narcotics"
"02c25c3e-8896-4d70-8ccc-adfeaf306fa0","2026-07-22T18:24:40.682Z","2724","Hit and Run/Car Accident"
"7719ff41-94a9-4f3c-a702-699da7bc8739","2026-07-22T19:32:32.727Z","2724","Hit and Run/Car Accident"
"88174c21-2cd3-477a-badf-883cc945c2fc","2026-07-22T22:04:21.049Z","2721","Drugs/Narcotics"
"2cd6a878-8dbe-4ab0-ab75-688eddbc3372","2026-07-23T13:12:50.937Z","2721","Financial Crime (Embezzlement/Fraud)"
"918f5df4-236b-49fe-91cf-5685d3b9014a","2026-07-23T13:34:35.811Z","2723","Hit and Run/Car Accident"
"062061b4-ff5e-4625-866a-fb777f755f84","2026-07-23T15:00:46.285Z","6383","Drugs/Narcotics"
"aedf4d00-6f2b-4e6d-843a-06af8dd0c01b","2026-07-23T21:07:36.079Z","202","Hit and Run/Car Accident"
"72fb9158-9b32-4c28-a1fe-a880ca9e5267","2026-07-24T15:56:55.680Z","2720","Larceny/Theft Offenses"
"fd85c876-ba02-49a5-8996-46dfd968150e","2026-07-24T16:20:16.486Z","2719","Drugs/Narcotics"
"4e7c0467-1ed2-4216-9974-29219f68ef72","2026-07-24T17:13:09.703Z","2719","Drugs/Narcotics"
"25d47e69-e068-4bf0-8cbe-7f1c61868938","2026-07-24T18:26:26.216Z","1","Drugs/Narcotics"
"fe8eca61-26c4-453b-926f-918661ec75fe","2026-07-24T18:34:17.923Z","2720","Welfare Check"
"ab508267-2264-454c-b569-9703f1f1b37a","2026-07-25T00:54:29.348Z","2720","Stolen Property Offenses"
"94e22457-6d20-4ef6-bc50-c6be201f465c","2026-07-25T00:57:17.572Z","2721","Larceny/Theft Offenses"
"9c622ecd-d753-4c6e-96d9-bec06c222410","2026-07-25T01:05:04.738Z","2720","Larceny/Theft Offenses"
"c1c8fa97-2215-45ce-9113-9cfc0c023f6e","2026-07-25T02:53:07.825Z","2721","Larceny/Theft Offenses"
"1838bfea-9678-4a32-a20e-7d7dee195243","2026-07-26T02:01:41.569Z","2719","Larceny/Theft Offenses"
"614e9d24-e91a-4c1d-8d0d-0155b7ef2874","2026-07-26T02:03:31.127Z","2719","Assault/Battery Offenses (Domestic)"
"6db8b32f-0757-4355-b5b5-f4e571aac1c1","2026-07-26T03:09:07.821Z","2720","Motor Vehicle Theft/Stolen"
"3e7a55ff-f9b9-4887-bf78-3f490019797a","2026-07-26T03:56:53.022Z","2719","Welfare Check"
"de393fc0-af8b-45ea-814a-2da41a7a90da","2026-07-26T04:10:01.221Z","2","Motor Vehicle Theft/Stolen"
"1ea3fb08-2c70-409d-b741-7f0f408d77f1","2026-07-26T11:14:25.960Z","2719","Larceny/Theft Offenses"
"a52bdbf0-d000-4155-a40c-b13c49f7f2ba","2026-07-26T13:19:25.600Z","2720","Hit and Run/Car Accident"
"aef0f84c-e707-4d37-b7ac-7fa5d4b9ccd7","2026-07-26T15:05:24.997Z","2720","Wanted Person (Arrest Warrant/Fugitive)"
"109ea7d5-da56-47f9-b822-7dafc69ec84c","2026-07-26T15:20:15.103Z","2718","Drugs/Narcotics"
"68b018e6-4c9e-422f-8b30-39e4ee034da3","2026-07-26T18:17:14.853Z","2720","Wanted Person (Arrest Warrant/Fugitive)"
"e97ffe49-6ad5-4b8d-95b3-ab5c4cd14744","2026-07-26T18:30:02.931Z","2720","Hit and Run/Car Accident"
"307ca01e-d192-4fb6-9561-a66cf46b5dc1","2026-07-26T19:56:47.488Z","2720","Wanted Person (Arrest Warrant/Fugitive)"
"76a776da-316d-4b76-bd0b-881c836d0671","2026-07-26T20:05:24.134Z","2720","Hit and Run/Car Accident"
"984e4057-da4d-4be4-b9ea-b2022f3290ca","2026-07-27T02:39:25.461Z","2719","Driving Under the Influence (DUI/DWI/OWI/OVI)"
"fa0708de-1861-4512-8aaa-5933786cc615","2026-07-27T09:30:24.702Z","2720","Wanted Person (Arrest Warrant/Fugitive)"
"60a69288-a165-4ae1-a607-1f0f257ce866","2026-07-27T11:20:24.475Z","2720","Hit and Run/Car Accident"
"61d6e54f-123b-434d-9c02-ede614a85dca","2026-07-27T12:32:17.705Z","2719","Hit and Run/Car Accident"
"03a9c50c-09fa-4d5f-9dc1-0c54a3691dd8","2026-07-27T13:07:48.339Z","2716","Hit and Run/Car Accident"
"9f86ab2c-3f10-441f-9570-d07ede9950ea","2026-07-27T17:22:21.648Z","2718","Wanted Person (Arrest Warrant/Fugitive)"
"b35d5d63-5570-4ec3-8ef2-1205f3e4ee1b","2026-07-27T23:04:19.494Z","2716","Wanted Person (Arrest Warrant/Fugitive)"
"d3236a3e-322d-41b7-b99c-4f71cd184447","2026-07-27T23:14:27.752Z","2716","Larceny/Theft Offenses"
"3f21b20a-54fc-42f1-acb1-62c3d69fcb15","2026-07-28T15:17:21.747Z","2716","Indecent Exposure/Lewd"
"6a68aff4-0957-4d4e-a2db-007e2b2ba1e6","2026-07-28T15:31:04.767Z","2622","Indecent Exposure/Lewd"
"b51572b9-644f-4fcd-ae2e-41e3c0ec6cd4","2026-07-28T15:36:14.626Z","2715","Drugs/Narcotics"
"d4e750bd-a80c-4da0-8e84-894721bb0af3","2026-07-28T15:46:02.325Z","2716","Drugs/Narcotics"
"7418b429-f84f-48c4-8732-25b8b036c258","2026-07-28T16:03:32.699Z","202","Drugs/Narcotics"
"89d37514-4621-473a-8fd7-b100abf845b4","2026-07-28T16:12:41.294Z","2715","Drugs/Narcotics"
"8d919b38-f7e6-405d-89d5-686c7723c0d1","2026-07-28T20:25:12.521Z","2712","Drugs/Narcotics"
"192b9702-5f17-44ba-b3ba-31e3651f2b7c","2026-07-28T20:25:55.875Z","2713","Indecent Exposure/Lewd"
"b5501c64-175e-4436-ab0e-c5d3b18015a2","2026-07-29T03:27:46.461Z","2","Criminal Motor Vehicle Offense (incl. Road Rage/Reckless)"
"96cf3c83-dfaa-4492-a814-9b7d8191f223","2026-07-29T19:19:54.048Z","2708","Drugs/Narcotics"
"c1502027-9cfe-4223-8d9b-6c2c4d181ae7","2026-07-30T14:05:18.103Z","2709","Wanted Person (Arrest Warrant/Fugitive)"
"3d43fcb9-e409-4e03-9b6a-120d1bd74e5d","2026-07-30T19:48:10.635Z","2705","Drugs/Narcotics"
"f3ad798c-ff04-41df-9278-b56177ce54bb","2026-07-31T14:52:24.769Z","2","Obstructing the Police (Fleeing/Eluding)"
"e38b49c5-d985-4dee-bbaf-662823720ef6","2026-07-31T15:32:02.094Z","2","Obstructing the Police (Fleeing/Eluding)"
"bee43f0e-0413-4b8a-8826-c62c18ccf75f","2026-07-31T16:40:49.216Z","2","Obstructing the Police (Fleeing/Eluding)"
"659298d0-2d6a-41d0-8c1d-8daa3eb61c91","2026-08-01T04:34:57.472Z","2702","Obstructing the Police (Fleeing/Eluding)"
"a9f6de1c-4bbc-4dc7-8e8c-b766670f8cb8","2026-08-01T04:37:01.400Z","1","Obstructing the Police (Fleeing/Eluding)"
"eab6f10f-ede2-434b-a51b-394a4c4cd6df","2026-08-02T07:03:06.906Z","2694","Missing/Endangered Person/Runaway"
"905f0a02-811d-4a21-ad19-871bb10220ba","2026-08-02T07:07:17.467Z","2","Missing/Endangered Person/Runaway"
"187298fe-8759-4639-b378-dc8d388e81c7","2026-08-02T07:15:34.628Z","6362","Missing/Endangered Person/Runaway"
"ba381f6a-f18f-468f-b214-1397b07b967d","2026-08-02T15:34:35.177Z","2","Obstructing the Police (Fleeing/Eluding)"
"c151ba44-e478-4d3e-a611-142dd3f9d15d","2026-08-03T06:37:04.540Z","2694","Driving Under the Influence (DUI/DWI/OWI/OVI)"
"f4e2dba5-d4a5-477c-afad-0062e9a34111","2026-08-03T13:21:00.634Z","2","Motor Vehicle Theft/Stolen"
"c07901a5-9f01-4d87-bd65-1085277b10b3","2026-08-03T13:22:18.999Z","3","Motor Vehicle Theft/Stolen"
"799b6130-bb5b-452d-b312-cd25cdc2c332","2026-08-03T13:28:04.155Z","2693","Motor Vehicle Theft/Stolen"
"48af79c6-d51e-49c0-9d6a-527dc9915848","2026-08-03T19:42:57.680Z","1","Counterfeiting/Forgery"
"a5d7ce54-62da-4047-aa1f-a7eca9dfc123","2026-08-03T20:00:29.317Z","6349","Counterfeiting/Forgery"
"c1e7fc4a-883d-48cd-9ee8-1c39b0a9c811","2026-08-03T22:00:43.898Z","2","Larceny/Theft Offenses"
"53789fa7-eef2-4556-8dfa-afc6227d28d8","2026-08-04T13:10:02.332Z","2","Counterfeiting/Forgery"
"b6a0840f-858f-4c21-9382-048810a6b27c","2026-08-04T14:01:52.845Z","2","Counterfeiting/Forgery"
"ddcd0f85-1784-482e-9066-5718e30f8b6c","2026-08-04T14:42:02.758Z","2691","Destruction/Damage/Vandalism of Property"
"6ddc7036-41af-464c-99b5-9bfd825a10ef","2026-08-04T15:00:05.080Z","2","Destruction/Damage/Vandalism of Property"
"97c709c4-42ce-4e92-9857-2948887b54df","2026-08-05T19:46:33.734Z","2","Hit and Run/Car Accident"
"c037fbc6-07c5-4a61-a191-d14743b8738b","2026-08-06T17:52:36.776Z","6","Larceny/Theft Offenses"
"c8071c66-8d58-460a-acda-baf149a76639","2026-08-06T18:04:08.719Z","10","Larceny/Theft Offenses"
"89d6dd12-2d71-4fe0-8f7c-05a84e874f67","2026-08-06T18:29:53.043Z","2672","Wanted Person (Arrest Warrant/Fugitive)"
"4f5e22cd-b567-421e-868e-fe52194333da","2026-08-06T19:07:43.769Z","2","Larceny/Theft Offenses"
"512b69c4-9f3e-47b5-908f-0f512b216656","2026-08-06T20:00:52.036Z","2","Larceny/Theft Offenses"
"b8d818ca-0f31-4b5b-901f-df320e9233c7","2026-08-07T04:04:55.917Z","2","Hit and Run/Car Accident"
"76dcd9db-8d99-4461-a3af-8454e104d500","2026-08-07T09:07:29.073Z","2","Wanted Person (Arrest Warrant/Fugitive)"
"69119f09-dfdb-4580-8e4c-cce8a9efa85a","2026-08-07T15:39:19.313Z","2","Missing/Endangered Person/Runaway"
"e152a032-7c34-4ec4-ad2a-9b202910f040","2026-08-07T15:40:27.347Z","2668","Missing/Endangered Person/Runaway"
"1edd4dbe-4e3a-4a2e-8fd0-eae07ee28730","2026-08-07T19:07:25.408Z","13","Larceny/Theft Offenses"
"c8053c61-988e-41d4-94c6-d692944740e7","2026-08-07T21:31:36.589Z","2666","Assault/Battery Offenses (Domestic)"
"1bc3ba3d-a27e-4da9-8185-e736fad0a8dc","2026-08-07T21:35:22.168Z","2667","Assault/Battery Offenses (Domestic)"
"8f41f91f-e15c-4984-8c9d-c073081c8e33","2026-08-07T22:23:39.135Z","2665","Assault/Battery Offenses (Domestic)"
"c884e7c5-3e4b-4e7b-bbc7-3b186f41f6d8","2026-08-07T23:48:48.421Z","2667","Assault/Battery Offenses (Domestic)"
"4725d82e-943d-4b92-8c6b-d8a58f06d138","2026-08-08T00:00:45.774Z","2667","Hit and Run/Car Accident"
"fb44f21e-64fb-4345-b65c-1e9bcc07c080","2026-08-08T00:49:58.572Z","2","Child Abuse/Neglect"
"4e17cd0b-fbdf-4c11-bb75-17b60ae30d4f","2026-08-08T01:00:45.564Z","9","Child Abuse/Neglect"
"2d402bf5-24fa-446e-a0bd-170b7b389865","2026-08-08T01:00:54.226Z","2","Child Abuse/Neglect"
"31f342fc-ab81-4689-b1b2-946a99ae5970","2026-08-10T13:28:28.559Z","2","Hit and Run/Car Accident"
"9ddc54e5-2378-4ce1-b3ba-248d775b856c","2026-08-10T13:34:11.971Z","2","Hit and Run/Car Accident"
"6c6c4314-9a83-4a0e-9231-9f0c2b9d2e4e","2026-08-10T13:38:05.077Z","2666","Hit and Run/Car Accident"
"8a218c3c-ff3b-4a09-b181-dc5b97a69323","2026-08-10T14:05:56.878Z","6340","Hit and Run/Car Accident"
"019c3361-b7d8-4659-a5a3-479a0071f35a","2026-08-10T14:07:29.083Z","203","Hit and Run/Car Accident"
"50a15277-b5df-4f5f-a576-9716b3f53623","2026-08-10T15:01:19.418Z","203","Hit and Run/Car Accident"
"2de2fe89-f9ca-48ac-a7e0-dd30985bd4cf","2026-08-10T15:14:05.317Z","2","Hit and Run/Car Accident"
"d6416dc1-61fa-4d05-9de9-d473b9b3fa86","2026-08-10T17:50:41.737Z","203","Hit and Run/Car Accident"
"90ae58fc-f16b-439c-925c-23755eef5458","2026-08-11T00:40:55.426Z","4","Financial Crime (Embezzlement/Fraud)"
"65aa7fb1-29b5-46ed-931f-f4a682663fd6","2026-08-11T01:04:21.521Z","8","Financial Crime (Embezzlement/Fraud)"
"110b27b2-f12d-42b7-9584-38ac4c5cc8cd","2026-08-11T01:04:40.828Z","2","Assault/Battery Offenses (Domestic)"
"54cd7dd1-ac62-49c7-a228-a2ab46166ac8","2026-08-11T01:52:39.234Z","2","Welfare Check"
"c48f2693-eecd-4990-ae2c-5fad570f60ef","2026-08-11T09:48:16.608Z","203","Hit and Run/Car Accident"
"e748df04-feff-455d-960c-0983bda163a4","2026-08-11T13:41:26.429Z","2659","Drugs/Narcotics"
"40b9df95-7b3e-4b10-91f7-5940239536d6","2026-08-11T14:15:24.445Z","2659","Drugs/Narcotics"
"1b29d121-aebb-4d70-a07e-18c42555c8f0","2026-08-11T20:28:26.005Z","2","Financial Crime (Embezzlement/Fraud)"
"18cda271-adee-4645-940d-a62c1a83e05b","2026-08-12T04:44:24.203Z","2654","Financial Crime (Embezzlement/Fraud)"
"88971ff7-6a99-4b63-a55c-aabb6a50b73d","2026-08-12T07:13:16.555Z","1","Larceny/Theft Offenses"
"db8fb73c-eac6-4d1b-b33b-29699f672a9c","2026-08-12T07:20:19.730Z","2","Larceny/Theft Offenses"
"f09df25a-c195-4602-868a-8840c436066c","2026-08-12T08:04:08.912Z","2653","Larceny/Theft Offenses"
"46977fea-04dc-4ece-9418-b6911986a17b","2026-08-12T09:00:04.030Z","2653","Larceny/Theft Offenses"
"e95e3b62-fe08-4394-a647-d5e40d0d62a6","2026-08-12T09:30:49.929Z","2653","Larceny/Theft Offenses"
"068a14ff-454a-4e57-84d3-d2887427d3c6","2026-08-12T11:08:49.395Z","2","Obstructing the Police (Fleeing/Eluding)"
"5c85c27c-02f6-483d-833c-01bbf28f0c2b","2026-08-12T12:04:45.157Z","2653","Motor Vehicle Theft/Stolen"
"234160f2-4d17-4a9c-a18d-055311f68929","2026-08-12T12:53:53.598Z","2652","Obstructing the Police (Fleeing/Eluding)"
"6da86de4-e1d7-4dd5-9f21-de03765cb9a5","2026-08-12T13:52:38.840Z","1","Obstructing the Police (Fleeing/Eluding)"
"82016ac4-4bb6-47d2-91e7-8a25648af7ae","2026-08-12T14:01:41.099Z","2","Obstructing the Police (Fleeing/Eluding)"
"fda2c827-002b-4423-80bf-37c5b8b93bfb","2026-08-12T15:02:56.382Z","2","Obstructing the Police (Fleeing/Eluding)"
"b1ca969e-2446-4817-bfcc-3385c2f33643","2026-08-12T15:16:23.869Z","203","Wanted Person (Arrest Warrant/Fugitive)"
"aaaf1653-0f35-49a6-a60f-8f0db715a4fa","2026-08-12T15:22:08.196Z","2","Threats/Harassment"
"2c37073e-033c-4f92-b68b-e98e934e0373","2026-08-12T15:25:42.532Z","2650","Wanted Person (Arrest Warrant/Fugitive)"
"d9b82c3b-828b-49ca-bd61-d3b65d40077b","2026-08-12T19:06:52.153Z","2647","Obstructing the Police (Fleeing/Eluding)"
"4f0d3656-1d87-4f05-9f0a-1bc109948442","2026-08-12T19:15:10.545Z","2649","Burglary/Breaking & Entering"
"7ae0460a-985f-4fe4-b677-b56cad999cd2","2026-08-13T03:38:22.157Z","2","Obstructing the Police (Fleeing/Eluding)"
"1d05535a-0ddc-4546-86ff-d3b67232936a","2026-08-13T04:20:07.552Z","2647","Homicide/Death Investigation"
"ae2e1ce8-be93-4d57-bb25-11f236bd6022","2026-08-13T04:23:34.601Z","2","Financial Crime (Embezzlement/Fraud)"
"59d3a822-65eb-44c9-be42-92117f63427f","2026-08-13T04:26:27.191Z","2647","Homicide/Death Investigation"
"c1bb323d-80f3-4e39-b620-f8b9b7c84d7a","2026-08-13T04:59:22.606Z","2648","Obstructing the Police (Fleeing/Eluding)"
"ae0be26d-74b8-4da8-b845-2755a75768dc","2026-08-13T08:42:36.373Z","2647","Homicide/Death Investigation"
"eed55d8c-1c57-40df-a055-15ce4279392f","2026-08-13T14:20:53.125Z","2648","Assault/Battery Offenses"
"e5df2a2e-268c-457e-85a0-25f2b8b7a4a9","2026-08-13T18:28:02.712Z","2643","Wanted Person (Arrest Warrant/Fugitive)"
"f0c89f55-ab55-4335-9401-9f52e15f2c38","2026-08-13T21:03:40.973Z","2","Homicide/Death Investigation"
"80ff213e-ab1d-4fe3-b77d-fae051567f87","2026-08-13T23:36:48.096Z","2640","Homicide/Death Investigation"
"e5541cb9-3569-48a5-ad91-fa616f36744b","2026-08-14T10:59:25.581Z","2640","Larceny/Theft Offenses"
"be73f3eb-c2f7-403f-b076-9f3b678d2701","2026-08-14T13:49:22.849Z","2641","Welfare Check"
"3924f7d9-ed18-4e25-b8ae-9ef96bed7db5","2026-08-14T13:49:26.726Z","2","Welfare Check"
"5aac955f-a702-46a9-b238-15c8910a6bb9","2026-08-14T13:54:06.834Z","2640","Drugs/Narcotics"
"5bfa303f-0254-431d-baa6-36d06ddf0939","2026-08-14T16:59:24.853Z","2637","Financial Crime (Embezzlement/Fraud)"
"7363aee4-f26e-458e-8e9c-a2368915ca6e","2026-08-14T17:01:38.594Z","2637","Financial Crime (Embezzlement/Fraud)"
"504db693-6062-4c4b-bfb6-e4fa257d456c","2026-08-14T18:03:20.677Z","2637","Financial Crime (Embezzlement/Fraud)"
"63191f06-0f34-4a56-abd4-d9de598fec0b","2026-08-14T18:45:24.545Z","2639","Welfare Check"
"110515bb-b04b-46b4-ac92-ef3db3cda70b","2026-08-14T20:21:51.887Z","2","Robbery"
"9fc3271a-d5d9-4bce-b0ec-9b6c8226e6be","2026-08-14T23:12:14.193Z","2","Motor Vehicle Theft/Stolen"
"3b2179c9-236a-4002-97e8-e58824151217","2026-08-15T00:04:53.672Z","6293","Motor Vehicle Theft/Stolen"
"d86f431b-67e0-45ed-895f-7258bb0c4058","2026-08-15T03:37:08.063Z","2635","Motor Vehicle Theft/Stolen"
"ae7d96d1-b957-4d70-bc03-8a073dc29181","2026-08-15T06:44:22.699Z","2637","Wanted Person (Arrest Warrant/Fugitive)"
"511ab5e8-a957-445b-a386-6b7b29445b28","2026-08-15T10:39:03.699Z","2","Larceny/Theft Offenses"
"4a8a8956-fa46-4022-90a6-a91909317582","2026-08-15T18:02:15.315Z","2","Criminal Motor Vehicle Offense (incl. Road Rage/Reckless)"
"5bafdb58-0992-48cb-9043-7a6fd44f6898","2026-08-15T18:05:38.283Z","2636","Criminal Motor Vehicle Offense (incl. Road Rage/Reckless)"
"1f193c2a-88ef-4d22-b00f-82f3f6819690","2026-08-15T19:14:08.968Z","4","Welfare Check"
"f6cf31f8-c7bc-4a25-90e9-d2e51a61d063","2026-08-15T19:15:33.548Z","2635","Welfare Check"
"0737cafc-ddde-4ed2-9cb0-c4186b457974","2026-08-15T19:40:14.609Z","2","Larceny/Theft Offenses"
"3b190633-5e06-4a7e-ae83-8e17b66f2254","2026-08-15T19:40:46.070Z","2","Larceny/Theft Offenses"
"e4f1c4cc-132f-41e3-9147-f9c2c9666100","2026-08-16T04:41:40.455Z","2549","Wanted Person (Arrest Warrant/Fugitive)"
"6ef41edd-0268-4b7c-8051-c8e10147edbc","2026-08-16T05:38:55.660Z","6293","Wanted Person (Arrest Warrant/Fugitive)"
"280dae66-4515-4b76-b926-769a584602a1","2026-08-16T20:08:53.646Z","1","Motor Vehicle Theft/Stolen"
"261bed19-564b-446e-982a-810bff42d173","2026-08-16T21:22:11.181Z","2634","Motor Vehicle Theft/Stolen"
"4b388d9f-5288-4c4b-a0c0-03fd93215b5c","2026-08-17T15:01:04.840Z","2632","Larceny/Theft Offenses"
"db3c0965-7abb-485e-9bd4-8f23c8a6a9fb","2026-08-17T16:56:06.602Z","2633","Welfare Check"
"f94e333d-b1d6-4ff3-960c-a6cc686ee13d","2026-08-17T17:06:07.228Z","2632","Hit and Run/Car Accident"
"186c5743-c241-4a9b-bb43-492641514b6a","2026-08-17T18:02:56.505Z","2631","Motor Vehicle Theft/Stolen"
"f3fd4fb4-e0a8-49b9-a2b1-1adadf9ac0a3","2026-08-17T19:00:18.622Z","6294","Motor Vehicle Theft/Stolen"
"4923c976-20cf-49a4-9f6d-1f9a0ec8ee4c","2026-08-18T13:24:54.021Z","2","Missing/Endangered Person/Runaway"
"40598d56-83bc-4bff-9e81-65a7a8477e4c","2026-08-18T16:09:41.989Z","1","Destruction/Damage/Vandalism of Property"
"c14aba1b-4fd3-46d3-9fd5-09d6ce1b103e","2026-08-18T16:09:48.151Z","3","Destruction/Damage/Vandalism of Property"
"d0e900a9-42c8-4951-8aaf-417c808ef7fc","2026-08-18T16:36:08.173Z","1","Destruction/Damage/Vandalism of Property"
"9ec73ef6-d04f-44b1-94e9-378bd89b036c","2026-08-18T18:56:35.183Z","2","Assault/Battery Offenses (Domestic)"
"2e1a799f-6d36-4908-a09f-1a386127a800","2026-08-18T18:56:54.949Z","2628","Wanted Person (Arrest Warrant/Fugitive)"
"e0d837ec-356b-4f54-954a-c1fa5b04307b","2026-08-18T19:01:57.102Z","2","Assault/Battery Offenses (Domestic)"
"7ee47185-5bf6-4c67-abd0-26603403e05e","2026-08-18T19:02:24.275Z","2628","Wanted Person (Arrest Warrant/Fugitive)"
"3f45f6d6-11f4-4e4e-b234-ef78cd9b52a3","2026-08-18T19:45:05.211Z","2626","Assault/Battery Offenses (Domestic)"
"23d7d266-a4a4-4785-8b38-9701ebac8f91","2026-08-18T19:46:11.896Z","2627","Assault/Battery Offenses (Domestic)"
"d29af169-4efd-4675-93e4-7e3b11e6a8b9","2026-08-18T20:01:53.071Z","6292","Destruction/Damage/Vandalism of Property"
"f413e735-8dcb-4b67-ac32-fd76e95c101d","2026-08-18T22:37:28.496Z","2","Wanted Person (Arrest Warrant/Fugitive)"
"fde4de1e-f57b-4119-9c49-14fbfd50b357","2026-08-18T22:51:26.106Z","2625","Homicide/Death Investigation"
"8f43dad3-dd05-479d-9cd2-29fbf8ce2051","2026-08-19T00:49:11.882Z","2625","Hit and Run/Car Accident"
"1f506120-c81a-4c4d-8246-6d4cd666c6f7","2026-08-19T03:16:41.707Z","2624","Stolen Property Offenses"
"1bed5d67-433e-4c48-9415-0de352047684","2026-08-19T12:17:06.537Z","2538","Wanted Person (Arrest Warrant/Fugitive)"
"5945175a-637a-4f80-b99d-cd137b726f3a","2026-08-19T13:02:12.201Z","2538","Wanted Person (Arrest Warrant/Fugitive)"
"4d1f81f1-1eb9-400d-b6a9-664fb94d7196","2026-08-19T15:00:59.411Z","2","Destruction/Damage/Vandalism of Property"
"de04029f-0345-4b80-80f9-b820ab0b00df","2026-08-19T16:05:16.774Z","2","Destruction/Damage/Vandalism of Property"
"1bdeaf7a-5ad8-4477-b24f-2d415c56eb17","2026-08-19T17:08:52.505Z","2","Destruction/Damage/Vandalism of Property"
"d3b4fa1b-0760-40ed-8952-4643e75663bf","2026-08-19T17:30:44.515Z","1","Destruction/Damage/Vandalism of Property"
"1163b8fb-ba76-4482-af04-fa348c77277d","2026-08-19T18:22:02.472Z","1","Destruction/Damage/Vandalism of Property"
"805412aa-e14a-4dd7-bb8e-66e074d921ca","2026-08-19T20:05:53.030Z","6287","Destruction/Damage/Vandalism of Property"