id,userId,searchDate,networkCount
cafa37ed-5cae-4834-86fa-7b962e839c4e,***,2026-10-09T14:03:03.927Z,1
6f415281-d9f7-4b75-8eaf-69f6f038d6c1,***,2026-10-09T13:54:40.301Z,495
ef4e860f-1776-498b-a73f-63ff73065c42,***,2026-10-09T09:12:12.528Z,1
fc53e11b-b91c-4005-82df-0486f31cca90,***,2026-10-08T20:06:10.686Z,1
622d0ce7-e9c4-4d03-bba1-275cd9bfacf1,***,2026-10-08T18:50:45.101Z,1
a80c8e4c-1f45-4b2e-a754-8714b4b260e6,***,2026-10-08T13:52:25.934Z,493
d2051141-cc18-4763-85ba-12f42fae6d15,***,2026-10-08T11:25:17.054Z,493
2b83af00-f4ec-43c6-ab9d-007aa561687f,***,2026-10-07T11:17:18.169Z,493
1eb6ede0-bc31-4511-b116-fc1a550d10f5,***,2026-10-06T15:09:17.433Z,490
8e671966-2f70-4738-bf2a-8bf981a4293b,***,2026-10-06T14:24:45.676Z,490
4bb84c67-31c5-4236-96b6-d971f4f988ea,***,2026-10-06T12:05:32.687Z,493
b93dbe19-a942-4da9-9726-57cc2b5e98a9,***,2026-10-05T18:04:16.837Z,493
94cfd113-680f-4b54-9f63-2ee111a2944d,***,2026-10-05T17:54:50.707Z,493
4d394af8-b104-46fd-917a-2637c89ef160,***,2026-10-04T14:27:29.232Z,495
5020e9aa-cf4d-46b2-946d-ee954d69ee7f,***,2026-10-02T17:37:45.119Z,495
4d28c193-ea2e-49b1-8961-7f72c616c3ac,***,2026-10-01T10:36:16.508Z,487
a8abccab-64e9-4389-9d0a-1fa23bbf0b33,***,2026-09-30T22:33:05.562Z,495
5b521cbb-d7d9-4995-9998-63ab2ba5cc8e,***,2026-09-26T04:58:05.986Z,501
eafd3f44-a5aa-465e-a831-e7c1335c7f03,***,2026-09-24T15:04:11.039Z,1
0f0c59c0-789b-4a0b-a8b6-bf31fe867700,***,2026-09-24T14:53:26.419Z,499
13bbaf67-8036-4926-ac51-8c1183f310ab,***,2026-09-23T21:49:38.871Z,1
7a2d483c-cf24-4f97-8fa4-12be7eff1332,***,2026-09-22T19:25:16.543Z,501
5b8025bc-d02e-4223-9251-95c791132fe0,***,2026-09-22T19:14:33.431Z,1
1414ee60-ac76-450e-8efd-d372971f21b0,***,2026-09-21T20:01:58.063Z,1
4a766651-9bc0-4919-afbf-2a84f8b20189,***,2026-09-21T15:45:19.782Z,495
d0712ebc-bb18-4d40-9495-5a0ac8c7e6c1,***,2026-09-21T08:14:52.862Z,502
d461642b-bbe6-4fb3-a2cd-9b8a0b3779dc,***,2026-09-21T07:19:37.270Z,502
6d149fcd-ac0d-40ba-93dd-227b1f35225c,***,2026-09-19T20:39:39.576Z,493
bcd29086-59f6-473a-b13c-2e6b78b978ae,***,2026-09-18T21:44:06.090Z,500
1e010f6d-4b1d-4045-885a-59e24a02f1d4,***,2026-09-11T13:05:54.313Z,522
a530377f-339a-4ec9-b1bd-b02a5f00aa93,***,2026-09-10T16:51:44.891Z,522
d5436edd-c1f5-4a7a-ada7-7e17b298aaeb,***,2026-09-10T12:33:38.347Z,522
03a3b6ae-75a9-4d09-9bde-9ba53ffac897,***,2026-09-09T16:07:04.525Z,504
121c9a4c-870c-4c00-a58f-deca36282d8e,***,2026-09-08T22:08:26.948Z,1
af8c4c73-c5cb-4b52-b660-c568a0c80692,***,2026-09-08T21:58:16.522Z,1
25691cae-6a2f-440a-8726-ebf52c125ae6,***,2026-09-08T14:53:48.886Z,524
2d9e9de1-4979-495c-b276-18d155589e9d,***,2026-08-11T16:08:05.142Z,523
a8f02efb-45b6-4a16-a83a-bc62ff9528bc,***,2026-08-11T13:28:41.024Z,530
2d84a9c6-b40e-4278-ba4f-3b76a1a39e1f,***,2026-08-11T12:05:48.150Z,530
23dc5219-74a2-4efe-b749-5b1d53f20b5a,***,2026-08-10T18:13:02.151Z,524
91f896b4-6b08-430a-b9e4-9355d2e45354,***,2026-08-10T17:45:27.467Z,524
1f5dfe23-ffb8-451a-abd8-8cfacbf5cf55,***,2026-08-10T15:26:56.215Z,530
68bcd831-6b1e-4c30-8de8-0a2eecbc335f,***,2026-08-10T14:05:25.512Z,524
8e49afbc-72b9-4993-a847-9c343753a87c,***,2026-08-08T23:18:00.449Z,524
da968efd-b258-465c-8e14-f2d72ae73998,***,2026-08-08T21:15:03.268Z,524
5680342a-1f86-4088-b62a-d5a7128612ff,***,2026-08-07T17:29:44.389Z,1
b14482d2-f8ec-40e7-95d6-1dd168974a27,***,2026-08-07T16:19:40.635Z,524
73d0c592-06cc-49ba-9015-fb14c386f7b0,***,2026-08-07T15:32:18.552Z,524
8dca15c4-2814-4874-bb49-bb03926ef702,***,2026-08-06T17:19:53.792Z,524
14df335b-cc32-49b1-9a59-98d04bd84919,***,2026-08-06T14:36:25.185Z,524
a2c5f1aa-8c3a-487e-8422-0f19312f8be7,***,2026-08-06T13:34:32.817Z,1
676b1f55-d77d-4e73-a22d-74eec3d885f3,***,2026-08-05T21:35:19.437Z,524
45b271d9-4dc6-4208-8167-12ec4ed8b717,***,2026-08-05T19:37:53.272Z,1
4ba56c34-783a-4c0a-a85c-44b8b4aa7955,***,2026-08-05T13:05:54.876Z,1
8303be4d-bb01-48d4-8ee7-1fd5e410a56b,***,2026-08-05T02:35:35.655Z,524
41644830-d4ac-4328-bc94-a08ab192eaa9,***,2026-08-05T01:28:00.218Z,524
7eb77313-d164-4c4e-95d5-9de43d9c6b68,***,2026-08-04T19:58:17.882Z,1
0cc368bc-0385-4f17-8e44-7bb5f2984536,***,2026-08-04T19:22:10.308Z,1
8b9fff2c-8021-4593-bc84-45fa2a3482c6,***,2026-08-04T18:28:34.015Z,524
560a1b91-d41c-4f51-ba12-4d2e4a6c453d,***,2026-08-04T17:11:18.398Z,1
3b05e989-c23b-40bd-9928-ea6c38bcc211,***,2026-08-04T15:48:51.536Z,524
b88019ad-baa4-478d-b888-bf12e9e8e081,***,2026-08-04T15:42:32.096Z,1
acc9bfd8-9bc4-4030-bae2-897c618d1b83,***,2026-08-04T14:18:36.839Z,524
3e7f03a1-9ec7-4e8d-96a3-7d4d6627ec34,***,2026-08-04T01:58:11.066Z,524
1d5eca48-2e38-4d33-ac81-07f35f994204,***,2026-08-03T17:00:07.913Z,1
abc22772-72db-48a4-8abe-c5b7b1a1a84d,***,2026-08-03T16:36:17.036Z,524
2feff475-be71-4dac-96b2-b98f1dc27cc7,***,2026-08-03T14:20:50.570Z,524
50727419-436f-446c-ac53-fdba4cefb147,***,2026-08-03T14:02:27.715Z,1
899f7b30-c89d-4cad-a629-64e6ad1daad2,***,2026-07-31T20:58:46.990Z,1
9f77b2d8-4b8b-4c9a-ab40-50a4947c8572,***,2026-07-31T16:33:56.758Z,524
e9121d07-a3ec-417e-a4d5-48f7fc594548,***,2026-07-31T16:21:33.280Z,524
230658b9-b1be-4cdd-ae2e-0a1845c41e23,***,2026-07-31T16:07:06.265Z,524
e780213e-6aab-4eaf-9c23-47bb14855439,***,2026-07-30T21:37:42.046Z,1
ca08fb50-293f-482b-8962-803a79174d3c,***,2026-07-30T21:11:52.338Z,1
4cf6c7e7-fff4-42a9-a010-34898fb4bd98,***,2026-07-30T18:07:46.889Z,524
7dd7189c-31bd-43c3-b990-9cc2a9cdf7b9,***,2026-07-30T17:12:22.240Z,524
777a63ea-1a89-4247-aac1-f632fbd6e7cd,***,2026-07-30T15:04:23.421Z,526
be743115-bfe4-40fb-ba19-4abab2860f14,***,2026-07-30T13:43:32.701Z,526
7e2aeafc-2da6-4ba3-b417-32d0212fe112,***,2026-07-30T12:25:48.963Z,526
e6a4aef2-621e-4774-a334-f4b7a3d96ae4,***,2026-07-30T12:19:55.732Z,526
760acd30-c0a4-4396-969a-fa2631c7ef54,***,2026-07-30T11:41:52.342Z,1
ae35e67c-1513-4da4-8baf-7b51a8577365,***,2026-07-29T21:18:14.235Z,526
129ae611-78df-48ba-836d-e6272d929ef4,***,2026-07-29T18:33:11.477Z,526
e9c496af-d038-4cab-a290-8dd1c205aaca,***,2026-07-29T15:06:06.016Z,526
db6e42be-5750-4679-a07c-b68940c2e11c,***,2026-07-29T12:01:42.124Z,526
08b291d2-f61e-4753-97b5-7f536900af37,***,2026-07-29T01:03:54.206Z,526
99a4b427-42ce-4ea6-a55d-eec4b6901005,***,2026-07-28T21:02:21.188Z,526
7ce6a1dd-3b44-4111-bc03-a3ef676dfe86,***,2026-07-28T19:59:31.113Z,526
4a7fa945-7905-42b8-ba93-a7e050da5d23,***,2026-07-27T17:01:50.766Z,526
d1fce771-3756-45b1-a096-00f73438c14d,***,2026-07-27T16:08:19.269Z,519
0b16b929-85d4-40e3-bbe7-7ddbed7231ad,***,2026-07-27T14:33:33.291Z,526
6a44a97f-8b83-4da5-9810-a1adf2f22a19,***,2026-07-25T18:48:56.454Z,526
6f709351-2e0b-4183-9d13-358684dd30c4,***,2026-07-24T14:02:34.666Z,527
e5216612-82f0-405e-a2a7-8ff00b612a7f,***,2026-07-23T01:32:48.354Z,527
d6a834ea-0da2-4a91-96ed-0beffd661f8c,***,2026-07-22T14:11:13.164Z,1
6bf7adcb-b27e-4d0e-b6a4-f894483846b8,***,2026-07-22T09:02:46.030Z,527
fa7d8a15-e4f2-487c-b2b7-b10773889806,***,2026-07-22T08:01:25.060Z,1
dc1497c5-82cc-4bee-b242-276054e3929f,***,2026-07-22T07:20:46.837Z,1
2c81d6d9-f5c2-44b7-a179-c8138849509e,***,2026-07-22T06:59:08.557Z,1
e41dba2e-fe34-441a-b652-edb769395ff4,***,2026-07-22T05:57:59.814Z,1
331da5de-1a75-4190-bff1-55eb5fc55f27,***,2026-07-22T02:12:29.037Z,1
26a485d8-7455-4ddd-aa90-09e19d4bf5af,***,2026-07-21T21:33:07.525Z,1
121edb71-6870-42c4-8dc8-dc48d0f2c7db,***,2026-07-21T03:42:33.355Z,530
842f34ae-31cc-4974-893e-04a30644a989,***,2026-07-21T02:53:08.021Z,3
0221d65f-310b-49a2-ae34-129ef27c5158,***,2026-07-21T02:46:01.334Z,527
4c035c0a-5c9c-41bc-b632-dd491cc51eca,***,2026-07-20T01:19:46.410Z,1
61016324-8c37-4db7-89ca-e52836299f64,***,2026-07-20T00:40:46.457Z,527
4735979d-81d1-481d-81d5-9dd29ece0783,***,2026-07-19T19:42:40.216Z,2
c9163ea3-6101-45d2-910c-4634cbea4b1a,***,2026-07-19T13:21:27.995Z,527
fd8ece74-f84a-43fe-8f94-424ed2968afc,***,2026-07-19T13:18:03.645Z,1
bac39a33-789e-4ca4-9507-b50f9275feea,***,2026-07-19T12:36:43.459Z,530
5420f4b5-f9a9-48ef-af4b-ad8d1a290ac2,***,2026-07-18T20:19:27.802Z,1
60dcbf7a-3c0a-4feb-8931-b32885c4df14,***,2026-07-18T05:32:53.236Z,527
e5ad92d4-6fdc-40a2-8888-9d499a6b4108,***,2026-07-18T05:01:29.086Z,1
ef011be7-c0c4-4ebd-bcd6-38149ecec8d0,***,2026-07-18T04:59:29.868Z,1
935e9625-2f6d-4461-86b1-441ebb6324f9,***,2026-07-17T15:39:05.818Z,527
734d7b71-4453-4a14-a29a-0f96aba4322a,***,2026-07-17T15:01:32.919Z,527
89c735d7-58c5-444e-a707-e121380d9b9a,***,2026-07-17T13:31:22.927Z,527
5c06cd0a-9fe5-4c58-bf8a-9ad77944517e,***,2026-07-17T13:25:32.516Z,527
8530c927-8719-43a3-8a28-76b7e37ee6ca,***,2026-07-16T19:20:00.712Z,527
bd08943a-32c9-4d0e-b684-e8d5258c21a2,***,2026-07-16T17:40:02.330Z,527
b0f1f24d-798e-4948-af6d-97a8b92a04b6,***,2026-07-16T08:52:09.427Z,527
4b43bafd-fe6b-4ebf-8aff-1af8e9637095,***,2026-07-16T03:40:51.629Z,527
caf71a75-05aa-4aae-9c82-95714b9dd46c,***,2026-07-15T20:17:36.169Z,527
05edb56d-4df4-41be-8433-94f802e978a3,***,2026-07-15T10:03:15.052Z,527
c6c21356-d084-4ecf-8a4e-54047b4da7f2,***,2026-07-15T09:18:47.871Z,527
2415684a-ce86-4e42-b3ed-225ceaeea74f,***,2026-07-15T09:10:17.097Z,527
8631a607-7843-4dcb-a89b-a956d078a793,***,2026-07-15T08:10:05.620Z,527
499f01e6-5e88-4c78-853a-099c6317cd89,***,2026-07-15T08:00:58.850Z,1
2da3de4d-dd22-4f89-b77a-ddc05b6d089e,***,2026-07-15T07:53:34.439Z,527
c094a792-ceeb-40e8-97b3-6d1b17733830,***,2026-07-15T07:26:29.607Z,1
a1640a9f-5c59-4ff3-b086-040a8628db3f,***,2026-07-15T07:05:36.746Z,527
83f26536-89d0-493d-be60-3df8e0b79596,***,2026-07-15T06:47:53.123Z,527
3fcabc25-5269-495c-ba3a-9174030ba042,***,2026-07-15T06:27:43.683Z,527
77a46438-1066-4dd4-87d6-d7831f2c7e51,***,2026-07-15T06:05:11.839Z,527
c066d42b-7fb3-4366-af82-cccc3b1ff2a1,***,2026-07-15T05:55:26.813Z,1
ea995448-b206-45f3-86e2-7b38d8deb871,***,2026-07-15T05:52:37.672Z,527
b4f47565-82ce-4eae-ba1e-46cd54d37db1,***,2026-07-14T15:26:22.059Z,527
5dc1dcbf-2fed-40e4-b515-d89adc370e16,***,2026-07-14T13:11:52.302Z,527
283e148d-a2d4-4edb-be4f-cdaf0f154dd0,***,2026-07-14T13:10:26.211Z,527
86741ff9-a9cf-4c45-bbd5-8c4cbf2fa476,***,2026-07-14T12:10:56.057Z,1
6ef7e799-2244-4c07-a5e1-f13f723b3e91,***,2026-07-13T18:02:56.231Z,527
7d7f8ea5-f2fb-4407-ab19-7cb921436a4e,***,2026-07-13T17:06:35.570Z,527
