id,searchDate,networkCount,reason,offenseType
acb3a7f6-c23a-4bd8-8333-223e35733789,2026-10-04T11:35:19.192Z,278,suspect vehicle,Stalking
20c89f8b-e415-488f-965d-2455a9e15d5c,2026-10-03T21:33:59.685Z,279,GHPD Stolen Vehicle,Motor Vehicle Theft/Stolen
ccc60eec-5493-489a-ac10-d2e61b25e455,2026-10-03T02:52:37.694Z,1224,Suspect Vehicle,Financial Crime (Embezzlement/Fraud)
d6cdbdb0-d6ed-42c7-bfb6-b7a227d285f0,2026-10-03T02:52:09.925Z,2,,Financial Crime (Embezzlement/Fraud)
aeb4e69b-bbc5-4fac-9130-a1aa0e6cb810,2026-10-03T01:16:30.720Z,2,S1 Vehicle,Financial Crime (Embezzlement/Fraud)
e6d8c1fe-ce71-4438-9654-b0c5dc04eafe,2026-10-02T23:40:20.800Z,5,fraud of services,Motor Vehicle Theft/Stolen
b5b8dbb8-84b6-40c0-b8c1-11effa14c6dc,2026-10-02T18:34:48.889Z,279,suspect,Larceny/Theft Offenses
c688acd0-1f10-4ec7-aee7-3e7bfda6cd82,2026-10-02T17:32:44.958Z,2,suspect,Larceny/Theft Offenses
1d977bf7-d19c-42c2-ba6d-ee42a295c75a,2026-10-02T15:26:41.751Z,1266,Stolen vehicle investigation,Motor Vehicle Theft/Stolen
d6ca847a-0955-429e-8bd7-272d1586ca7b,2026-10-02T14:45:22.648Z,1266,Stolen vehicle investigation,Motor Vehicle Theft/Stolen
3b08f944-5932-4626-84a1-783b01594450,2026-10-02T14:41:57.705Z,2,UDAA incident,Stolen Property Offenses
ef903237-591d-49bc-97c6-942ad8272db9,2026-10-02T13:16:08.235Z,279,victim,Sex Offenses
65256b08-48b4-4f67-9b6c-c0ab77e22b2b,2026-10-02T12:23:01.528Z,279,victim,Sex Offenses
0d1cb842-4c40-41a0-a035-0675f846e3af,2026-10-02T12:04:58.072Z,2,,Sex Offenses
036d090d-2aa9-4a2d-bedc-241700833bf0,2026-10-02T11:40:41.033Z,1265,,Sex Offenses
f8dd3f3c-12dc-4eb4-b366-ebe0f12f6213,2026-10-02T09:41:23.195Z,2,Stolen vehicle,Motor Vehicle Theft/Stolen
9b56d27b-7ca3-41bd-9917-7e2e876ca0ff,2026-10-02T08:56:57.517Z,1229,Muskegon report,Wanted Person (Arrest Warrant/Fugitive)
936d22d7-6288-473c-b52f-a390e5381fe2,2026-10-02T05:39:18.313Z,1,Search for suspect vehicle,Stalking
fb052ad6-5d04-4bc2-bf87-522c0b287248,2026-10-02T02:51:56.384Z,1262,,Burglary/Breaking & Entering
4e37e021-ecfe-4a0e-98c3-d9f11ba281b4,2026-10-02T02:09:58.841Z,1226,,Drugs/Narcotics
b59be1f4-eddd-4686-862d-a09871c15632,2026-10-01T22:51:01.563Z,1266,Suspect vehicle for BOL,Kidnapping/Abduction
e8bdb415-f1b3-49ec-bab5-5db3219af869,2026-10-01T21:01:33.729Z,2,Attempt B&E of vehicle,Burglary/Breaking & Entering
30acc2a9-4939-4aa5-bff5-d0a1a56a3c43,2026-10-01T20:32:37.371Z,2,Attempt B&E of vehicle,Burglary/Breaking & Entering
1b3fbe73-3a5c-439c-b5ac-8445fda3005c,2026-10-01T19:21:07.106Z,1226,,Hit and Run/Car Accident
f6dc1c0f-6081-4fb5-86da-62bf9c29b9b5,2026-10-01T18:49:29.966Z,278,Burglary,Burglary/Breaking & Entering
39c69bb6-a5e8-4098-add1-a56f43fd793e,2026-10-01T17:18:00.135Z,1227,,Drugs/Narcotics
c4d69c2a-d85a-46f6-90fd-5933328a6905,2026-10-01T17:12:58.629Z,3,suspect,Sex Offenses
67b1fc76-eebb-4ff3-9be1-4970988f2f3d,2026-10-01T16:49:47.735Z,1227,,Drugs/Narcotics
ca368ef0-8829-46bc-8ba9-d4ae5cc99053,2026-10-01T15:25:37.539Z,1267,,Wanted Person (Arrest Warrant/Fugitive)
f6f145ff-d677-4ce2-bf29-67fe73f4bb0c,2026-10-01T14:02:16.046Z,1268,,Wanted Person (Arrest Warrant/Fugitive)
398ed0ac-fc61-48f7-85e1-7eb937798f1a,2026-10-01T13:50:31.340Z,279,burg suspect,Burglary/Breaking & Entering
13511c3c-95d0-4fd2-9913-b8e745a52951,2026-10-01T13:40:45.701Z,2,Larceny Suspect,Larceny/Theft Offenses
ee384d4c-36bf-4271-988d-51a03ca55e10,2026-10-01T13:32:36.533Z,1271,,Wanted Person (Arrest Warrant/Fugitive)
0feeed43-4993-436e-90d6-b47213cd2c31,2026-10-01T12:26:22.070Z,1,camera status check,Destruction/Damage/Vandalism of Property
93b73a5e-1391-41c4-996e-934f5b38da42,2026-10-01T12:09:37.471Z,279,B&E,Burglary/Breaking & Entering
85a4c67e-80c4-4a18-8a07-1b1c19448c77,2026-10-01T12:04:42.923Z,1272,,Wanted Person (Arrest Warrant/Fugitive)
1b62d04d-5a0b-4530-89fd-48094d409087,2026-10-01T11:11:47.319Z,15,,Motor Vehicle Theft/Stolen
df68261c-b3ae-4283-b9b1-2b503258dc94,2026-10-01T11:10:34.027Z,1273,,Wanted Person (Arrest Warrant/Fugitive)
8e05e84f-b801-417c-8150-6538cfb815e2,2026-10-01T08:39:03.907Z,1274,Wanted Suspect,Wanted Person (Arrest Warrant/Fugitive)
348a0f79-d69d-4592-bd8d-63b7fef576b3,2026-10-01T08:17:49.001Z,1270,Narcotics,Drugs/Narcotics
3f08eb79-3401-4015-8d66-cac117d0aaca,2026-10-01T05:45:30.000Z,1271,B&E Suspect,Burglary/Breaking & Entering
10084d92-34e4-49d1-977e-648240388d2b,2026-10-01T05:39:19.007Z,2,B&E Suspect,Burglary/Breaking & Entering
78853795-f3ac-45fc-ae37-f3754ec0a04b,2026-10-01T05:18:27.038Z,2,crashed vehicle,Hit and Run/Car Accident
a1ca2010-9578-4a51-83dd-6dd439398937,2026-10-01T04:46:36.372Z,1233,,Hit and Run/Car Accident
efc8ffe4-5a13-40d5-a572-c8fc65367638,2026-10-01T02:59:54.195Z,1270,Narcotics,Drugs/Narcotics
835e1b78-8657-40ef-95c3-f422ac2dfd88,2026-10-01T01:16:45.445Z,30,,Hit and Run/Car Accident
317bf8fe-4bed-4730-87f2-6a1f3fbd4663,2026-10-01T01:16:36.911Z,1270,Narcotics,Drugs/Narcotics
b74af87c-3e58-44aa-bb2f-b10989b59a6f,2026-10-01T00:20:48.051Z,1269,,Burglary/Breaking & Entering
bc2c2536-e999-4738-98e1-03d92d8542d2,2026-09-30T22:30:17.408Z,2,,Burglary/Breaking & Entering
d9eb28d3-a19c-40d4-a165-65f6faea3ab9,2026-09-30T22:24:21.959Z,1273,,Wanted Person (Arrest Warrant/Fugitive)
ef2a37ee-bc46-4708-bb38-20c07939a4f5,2026-09-30T21:49:49.806Z,1236,,Motor Vehicle Theft/Stolen
8731f3db-7504-4f73-a528-1e3a570cc4b8,2026-09-30T21:17:31.231Z,1273,,Wanted Person (Arrest Warrant/Fugitive)
6194bf8b-2bb3-406c-af49-1b9fb626a767,2026-09-30T21:10:46.138Z,2,suspect vehicle for cat converter theft,Larceny/Theft Offenses
0ca40339-5f92-4f50-b988-abc1d642e5f6,2026-09-30T21:02:48.037Z,1273,Norton Shores Warrant,Wanted Person (Arrest Warrant/Fugitive)
e4d8659f-ccb2-4014-92d3-e3e729c7e7c3,2026-09-30T18:33:02.206Z,280,suspect,Sex Offenses
420f6b7d-1409-44dc-a9ca-86c6f913d381,2026-09-30T17:37:44.502Z,1270,Stolen Plate,Larceny/Theft Offenses
03236d88-4a85-4237-8fa8-4895cead67ad,2026-09-30T17:28:23.463Z,3,suspect vehicle hx,Burglary/Breaking & Entering
362f0ee8-758e-411b-a26c-7faa6933614b,2026-09-30T17:27:17.459Z,280,track suspect vehicle movement,Larceny/Theft Offenses
9faa41fa-758c-4003-a5fd-6b3ab6a9d2c7,2026-09-30T17:00:07.840Z,279,Suspect,Burglary/Breaking & Entering
ebfcf62a-9004-4719-b2b1-bfa16826ea5f,2026-09-30T15:41:34.533Z,279,Suspect,Burglary/Breaking & Entering
3aa22bbc-aeca-46ba-919a-7138630b9635,2026-09-30T14:07:39.769Z,3,suspect vehicle hx,Burglary/Breaking & Entering
e662c60a-9a65-4644-9257-7b9376bf6181,2026-09-30T14:04:31.548Z,1268,Hit and Run Victim veh - unknown color of vehicle,Hit and Run/Car Accident
f868906d-01fb-427b-a1f1-c2d1b6188fcf,2026-09-30T11:12:43.458Z,1273,Norton Shores Warrant,Wanted Person (Arrest Warrant/Fugitive)
d23e81a5-2b32-4524-b77e-47b2f7051544,2026-09-30T08:57:20.463Z,1236,Muskegon warrant suspect,Wanted Person (Arrest Warrant/Fugitive)
fc9d8579-3c9a-4cb4-baf7-78c79bc944ba,2026-09-30T02:11:48.649Z,1233,,Drugs/Narcotics
e9f0bdaf-1e7c-4bc4-aaf6-2d9b55f5474e,2026-09-30T01:46:39.203Z,1233,,Drugs/Narcotics
6937f333-416a-4123-8b76-2c5a5838182e,2026-09-30T00:56:00.894Z,1233,,Drugs/Narcotics
96a03241-14a8-436b-b446-1f4ca0e73e10,2026-09-29T22:49:18.228Z,1270,Retail Fraud Suspect,Larceny/Theft Offenses
1d0548b1-c90b-4704-b3a8-7516107675ac,2026-09-29T22:35:10.780Z,1,Retail Fraud,Financial Crime (Embezzlement/Fraud)
a5284f31-d7fb-4c3a-bb8b-531e958f7106,2026-09-29T22:02:43.288Z,1271,Larceny from Auto,Larceny/Theft Offenses
b3dfc5eb-5558-460b-a5a2-4902e0ae5e54,2026-09-29T19:55:57.584Z,1234,,Drugs/Narcotics
e8b2a1ab-8629-4555-bbc8-3ba274da9bc3,2026-09-29T18:32:53.980Z,279,suspect,Drugs/Narcotics
d8d3b288-7a7d-48af-9b3a-e3db53107a33,2026-09-29T17:09:12.146Z,279,suspect,Drugs/Narcotics
62da0563-5644-433c-8a63-5f810069ad35,2026-09-29T15:40:43.196Z,1274,,Weapons Offense (Guns/Shots Fired)
4cbaaacd-990e-42db-927e-38ccaedf2722,2026-09-29T15:14:31.955Z,1234,VCSA,Drugs/Narcotics
34ade10c-05c9-4b6f-ab51-3a6f03d33543,2026-09-29T14:34:15.827Z,279,suspect,Drugs/Narcotics
429ba467-4e3a-42f9-a276-f5110aa766b2,2026-09-29T13:59:00.183Z,1235,VCSA,Drugs/Narcotics
5856d67a-b18b-4e88-92a9-e73c54c58020,2026-09-29T07:39:06.094Z,1234,Shoplifting suspects,Stolen Property Offenses
c3f12896-aaf2-48b5-8c4c-59c3b0a8b466,2026-09-29T07:04:32.584Z,279,Retail Fraud,Larceny/Theft Offenses
56c589d1-ac77-4e65-a0b7-d71670f909e5,2026-09-28T22:15:35.407Z,2,suspect vehicle for cat converter theft,Larceny/Theft Offenses
bb9502f7-5c5c-43d9-865b-a8026ac921db,2026-09-28T19:17:05.507Z,1236,VCSA,Drugs/Narcotics
d56622dd-e0ee-4bbf-8c15-acadc895ec76,2026-09-28T17:11:35.364Z,279,suspect,Destruction/Damage/Vandalism of Property
d076cf5a-1410-4afc-ad74-889ba164dfaa,2026-09-28T17:07:11.815Z,1240,Warrant,Wanted Person (Arrest Warrant/Fugitive)
c90be0fa-a23e-40e7-9949-0b15c86d03bf,2026-09-28T17:06:11.492Z,275,Search for suspect in vehicle reported to be violating bond condition,Disorderly Conduct/Disturbance
a3ffc67e-0727-499c-b2da-d01c657e0c09,2026-09-28T15:34:32.850Z,4,suspect,Financial Crime (Embezzlement/Fraud)
900f0d38-a114-4b32-b0a0-d42a50219eb1,2026-09-28T14:58:36.359Z,279,suspect,Motor Vehicle Theft/Stolen
3c3e6e2b-87db-4bb4-820c-149bfc27a90c,2026-09-28T13:29:08.735Z,279,suspect,Larceny/Theft Offenses
678d3373-b547-4eb7-b5c5-bbf36a120a95,2026-09-28T12:12:20.876Z,1,camera damage check,Destruction/Damage/Vandalism of Property
69e54401-aaf2-40ad-9633-27f5ef6a2e5e,2026-09-28T05:21:13.867Z,1,Susp Veh in B&E,Burglary/Breaking & Entering
66996516-ff3a-41aa-85ac-04f2f10a850c,2026-09-28T05:19:10.712Z,3,Suspect vehicle search,Obstructing the Police (Fleeing/Eluding)
1605e256-c56a-4cd4-9e40-3530162c06e9,2026-09-28T05:12:38.584Z,2,Attempt B&E of vehicle,Burglary/Breaking & Entering
7ce9e4c6-dbfe-486d-8d32-0e18340c5d95,2026-09-28T05:03:19.023Z,2,Attempt B&E,Burglary/Breaking & Entering
c59c5def-d8d0-49f0-8c4e-2f87f63c11fa,2026-09-28T04:45:36.333Z,2,Flee & Elude,Obstructing the Police (Fleeing/Eluding)
b17a9ca4-5549-4549-9234-e6ce21de8763,2026-09-28T04:45:30.833Z,1270,Suspect vehicle search,Obstructing the Police (Fleeing/Eluding)
eb71b2b1-824e-4982-8cc0-2edf5f56ce67,2026-09-28T04:32:12.860Z,1234,,Obstructing the Police (Fleeing/Eluding)
3b62ef4c-60a4-4d5b-908d-ecfeb0bf90eb,2026-09-28T02:56:43.245Z,1272,CWB suicidal/intoxicated subject,Driving Under the Influence (DUI/DWI/OWI/OVI)
f8a92be1-d41a-4b4a-aab3-e98af7d9746b,2026-09-27T21:35:21.099Z,1277,UDAA,Motor Vehicle Theft/Stolen
0da59d1a-1ac5-46e1-be0b-32ec2df1b0e5,2026-09-27T18:35:21.821Z,1241,,Motor Vehicle Theft/Stolen
04281164-ca36-480d-a30e-0dd9e0f5d2cb,2026-09-27T18:15:03.259Z,279,stolen vehicle - suspect location,Motor Vehicle Theft/Stolen
18b29aac-900c-4389-bbc7-9be24598c6df,2026-09-27T15:30:42.963Z,279,Stolen vehicle,Motor Vehicle Theft/Stolen
ba683472-391a-49cd-9396-f6c7f4087e15,2026-09-27T12:16:27.396Z,2,Felonious Assault,Assault/Battery Offenses
45ed47d2-1050-4d5f-8495-053295590489,2026-09-27T11:51:10.305Z,1276,Brandishing Firearm,Weapons Offense (Guns/Shots Fired)
5efc0c7c-1a59-479e-99bf-a1bd087410e5,2026-09-27T10:37:48.159Z,1241,,Motor Vehicle Theft/Stolen
b1fb372c-15ff-4f2f-907e-081e6354f934,2026-09-27T09:23:33.394Z,1241,,Motor Vehicle Theft/Stolen
4a690724-1278-47a3-ab66-cf0afb2894ff,2026-09-27T07:21:34.152Z,1241,,Motor Vehicle Theft/Stolen
1a140246-7441-4116-8751-c4f6354c93ca,2026-09-27T06:09:11.399Z,162,,Motor Vehicle Theft/Stolen
a6387e77-2c57-47e7-91c2-886c74ea7ad0,2026-09-27T05:28:48.236Z,162,,Motor Vehicle Theft/Stolen
f5571f50-2edc-4cc8-83ad-c1d5c4917540,2026-09-27T04:37:57.519Z,162,,Motor Vehicle Theft/Stolen
34702346-8ad7-4838-98b3-dcbe504739a5,2026-09-27T04:04:46.861Z,1274,ATL vehicle in copper larceny,Larceny/Theft Offenses
b6cd8834-836a-4edf-8492-92c8999103be,2026-09-27T02:18:51.751Z,1241,,Motor Vehicle Theft/Stolen
be52846b-93ee-435f-b4a1-ec69d6d2b70c,2026-09-27T02:05:14.704Z,2,Theft Suspect,Larceny/Theft Offenses
14b392b0-2bac-445e-98ae-0704c429ca09,2026-09-27T01:49:42.322Z,2,suspect vehicle,Larceny/Theft Offenses
d7508f39-de1b-4f71-8896-f4f9be079796,2026-09-27T01:20:33.205Z,1241,,Motor Vehicle Theft/Stolen
34a30128-330e-4375-b096-f3048ef11a51,2026-09-26T18:40:29.875Z,1238,,Financial Crime (Embezzlement/Fraud)
e8f6357a-9cdd-4b65-babc-f2ee8feed48f,2026-09-26T16:38:38.894Z,2,,Larceny/Theft Offenses
a58ef0ee-92ed-4379-a3ed-22868617aac6,2026-09-26T06:09:27.479Z,1241,,Wanted Person (Arrest Warrant/Fugitive)
1377d818-b1bf-4b97-ba43-a0d0a31f35e8,2026-09-26T05:56:44.062Z,1238,,Financial Crime (Embezzlement/Fraud)
86badd45-d2e5-4bec-a572-d4487a6c86b1,2026-09-26T01:57:39.526Z,279,locate suspect vehicle,Larceny/Theft Offenses
ae79487b-d24e-4be1-ae8c-9763919dd8d1,2026-09-26T00:19:10.509Z,1275,hit and run suspect,Hit and Run/Car Accident
e05fe7dc-b5a6-4d8e-a699-4a8ad13b702f,2026-09-25T21:26:59.622Z,1279,Missing Elderly Female,Missing/Endangered Person/Runaway
229abbae-3c21-496c-ad90-b9c31b881868,2026-09-25T16:00:28.298Z,1,camera damage check,Destruction/Damage/Vandalism of Property
c4bb2a09-7f4d-421d-9e07-d49207897992,2026-09-25T15:58:57.760Z,1,camera damage check,Destruction/Damage/Vandalism of Property
b2cd6f46-2521-4bff-8c5b-60fd2c2ec099,2026-09-25T05:21:04.044Z,279,Madison Height's Stolen vehicle,Motor Vehicle Theft/Stolen
805b96e3-1a1a-4321-9af3-c39f90de32fc,2026-09-24T17:15:06.213Z,1244,CSAM,Sex Offenses
e4229218-a886-4c2f-a256-758c2b50c05e,2026-09-24T14:29:07.762Z,1281,locate suspect,Sex Offenses
bab6fef9-ca45-4948-a9dc-b1023a8df967,2026-09-24T13:34:47.284Z,4,suspect vehicle described as yellow penske transit van with unknown plate,Financial Crime (Embezzlement/Fraud)
255f9cb7-1ec8-45fa-8d7d-fb59949a2131,2026-09-24T13:05:20.134Z,1279,Suspect,Stalking
0888a149-c605-4202-bf48-7ee33ffd1140,2026-09-24T13:00:26.362Z,280,suspect vehicle,Larceny/Theft Offenses
6033f249-2331-49a6-8f49-3bd152089698,2026-09-24T12:19:22.914Z,1280,searching for hit and run suspect vehicle,Hit and Run/Car Accident
9527c487-856b-4da7-abec-46140b4e4505,2026-09-23T23:36:52.778Z,280,Retail Fraud suspect vehicle,Larceny/Theft Offenses
73aa7500-400d-4b74-af71-89caae70906e,2026-09-23T20:17:15.221Z,1,,Hit and Run/Car Accident
45d708c4-a9ea-4df6-9260-0083a2da4a58,2026-09-23T19:26:26.955Z,5661,fraud suspect,Financial Crime (Embezzlement/Fraud)
63f49cfc-ef17-46df-abee-3ab5a4bf6469,2026-09-23T18:28:47.839Z,1244,Embezzlement Suspect,Financial Crime (Embezzlement/Fraud)
5c1caba8-204b-4fd9-a791-dd23bb6fadae,2026-09-23T18:00:11.796Z,1244,Hit and run suspect vehicle,Hit and Run/Car Accident
7400969a-5db2-46fb-b008-2cbc5219ec03,2026-09-23T17:28:25.389Z,1244,Hit and run suspect vehicle,Hit and Run/Car Accident
b2b4a46e-610b-429c-bacb-b24b9430a47f,2026-09-23T17:04:04.915Z,1280,fraud investigation-suspect vehicle,Financial Crime (Embezzlement/Fraud)
c12e379a-d32a-4318-88e9-704e1b6a135f,2026-09-23T15:48:46.553Z,1,fraud suspect,Financial Crime (Embezzlement/Fraud)
33e73f95-8749-4d05-a351-359f4c4953e1,2026-09-23T14:23:52.061Z,1,checking for camera status,Destruction/Damage/Vandalism of Property
60907841-2b96-47a2-9245-6ffc706e4661,2026-09-22T18:23:03.166Z,1285,fraud investigation-suspect vehicle,Financial Crime (Embezzlement/Fraud)
aaef5d2a-1604-4c60-a10b-ccf579da834d,2026-09-22T14:00:32.443Z,1286,Locate Suspect,Motor Vehicle Theft/Stolen
7131ad9d-3d70-4d13-997b-1f239fbf9f40,2026-09-22T13:48:34.267Z,280,locate suspect vehicle,Hit and Run/Car Accident
280753a2-6828-4c5b-bf62-8944bc8747b4,2026-09-22T13:44:35.025Z,2,Locate Suspect,Motor Vehicle Theft/Stolen
0067342d-27da-456e-ac92-bb3e208b9e40,2026-09-22T12:40:25.591Z,5695,suspect,Sex Offenses
19e51d7c-e653-462f-8fbc-c17dfd826577,2026-09-22T12:39:46.296Z,280,suspects,Sex Offenses
c37e5b47-5353-419a-b747-d01b67fbc35d,2026-09-22T12:09:58.766Z,280,locate suspect vehicle,Hit and Run/Car Accident
58bd3961-fe9a-490c-a495-59118224285c,2026-09-22T07:00:53.026Z,2,,Financial Crime (Embezzlement/Fraud)
03626c62-4716-4534-bf19-7b9d6ee24124,2026-09-22T06:59:05.611Z,2,,Financial Crime (Embezzlement/Fraud)
b5ef450f-dee3-4e0c-ac0c-159ebefeecbc,2026-09-21T18:39:53.969Z,3,suspects,Larceny/Theft Offenses
531cf06b-c1ac-4613-838e-d0b968b919e5,2026-09-21T17:01:08.830Z,1289,trailer theft victim trailer,Motor Vehicle Theft/Stolen
44dc64e9-9428-446e-9356-b965119c11f1,2026-09-21T16:34:38.391Z,1289,STOLEN TRAILER,Motor Vehicle Theft/Stolen
c71fdb56-2ba5-42cb-9bbb-6ed8a08934e4,2026-09-21T14:19:54.748Z,2,suspects,Larceny/Theft Offenses
c629f7bb-911e-40f5-8894-fa66815908e5,2026-09-21T11:01:52.736Z,2,Kentwood PD - Flee and Elude,Obstructing the Police (Fleeing/Eluding)
f4f69ead-0d3b-471e-b9e7-92f7e9d4211b,2026-09-20T19:34:13.031Z,1252,,Assault/Battery Offenses (Domestic)
cbcf5050-5725-49cc-b4e2-80824c0c4c60,2026-09-20T18:00:13.993Z,4,ATL S1,Hit and Run/Car Accident
edc8c702-c382-4720-8cea-f02524b5352a,2026-09-20T17:44:55.808Z,2,ATL S1,Hit and Run/Car Accident
a22c2c71-a91d-409d-b33a-fc566da9063d,2026-09-20T15:21:05.448Z,2,ATL S1,Stolen Property Offenses
2f150a7d-3f79-4ce5-9de2-ea4c06b5a6f1,2026-09-20T08:17:48.661Z,1292,Juvenile runaway,Missing/Endangered Person/Runaway
e8fe53d7-b4a1-44a9-a12c-580ffdc66c53,2026-09-20T07:38:57.436Z,1292,Juvenile runaway,Missing/Endangered Person/Runaway
b7da24e3-932f-4e91-bf09-a27c5b46b1fc,2026-09-20T06:45:53.400Z,1292,Juvenile runaway,Missing/Endangered Person/Runaway
3385910b-0751-4cdd-8cf7-19473d1a4712,2026-09-19T17:40:15.010Z,1290,"fraud suspect vehicle search, penske van with unknown plate",Financial Crime (Embezzlement/Fraud)
d27d9fd2-8cdd-4420-bc0b-27247c88751a,2026-09-19T11:59:47.020Z,1253,Domestic assault,Assault/Battery Offenses
a92d926d-269e-4953-a9c3-6bfb4a8c8d49,2026-09-19T08:05:44.604Z,1,Search for Suspects' vehicle in above case,Stalking
aa5f9ec6-5ea6-4a57-9066-5fcbff7465e5,2026-09-19T06:04:47.316Z,1255,Occupant with Warrant,Wanted Person (Arrest Warrant/Fugitive)
52494c64-5036-4019-8661-657c60511ea8,2026-09-19T05:25:22.976Z,1255,Occupant with Warrant,Wanted Person (Arrest Warrant/Fugitive)
edc0bbbf-5eb1-4db6-9b53-a57e0cba7c31,2026-09-18T16:00:28.359Z,1255,VCSA,Drugs/Narcotics
6d67e8b8-08b5-42d7-aca6-e665c6db6c3e,2026-09-18T15:47:59.241Z,1255,VCSA,Drugs/Narcotics
7c63cffe-d24e-473d-9f33-852fe28284ef,2026-09-18T13:23:35.680Z,2,suspect,Larceny/Theft Offenses
5d4e1468-2a26-4830-a7d2-43d62d87d3d2,2026-09-18T12:56:30.278Z,2,suspect,Larceny/Theft Offenses
4f4424c3-2ab9-4854-8fa1-2407d9c130c6,2026-09-18T11:58:42.739Z,280,locate suspect vehicle,Hit and Run/Car Accident
05a3f2aa-f557-46db-983d-8bcc529f9a7a,2026-09-18T01:35:28.800Z,1290,,Welfare Check
63c6a59a-41b7-431c-9a15-8bdcb9b1b289,2026-09-18T01:29:22.080Z,1293,,Larceny/Theft Offenses
dfef7d24-8a52-46b1-8b3e-e0d1c8f025fa,2026-09-18T00:06:43.319Z,1292,,Welfare Check
a7b33069-c62d-45e3-9db8-e67e50f7f7b5,2026-09-17T23:03:33.505Z,1292,,Welfare Check
8939dd15-af7f-487c-8bd1-8de86f4cb683,2026-09-17T22:35:02.362Z,20,,Wanted Person (Arrest Warrant/Fugitive)
c29f5698-5463-4997-a1cd-0bd6c8694a90,2026-09-17T22:16:00.996Z,1292,,Welfare Check
b331a2cf-2aa7-4ad9-bd61-2ff985e4b1e7,2026-09-17T22:12:20.074Z,1296,Peeping tom and Home invasion susp,Burglary/Breaking & Entering
6f3dbfdd-7b43-41b9-a98f-25e77e1ea3a6,2026-09-17T22:06:07.368Z,280,locate suicidal subject,Welfare Check
1c229d36-327a-4c5b-bbf6-8709775c3483,2026-09-17T21:58:29.619Z,2,Peeping tom and Home invasion susp,Burglary/Breaking & Entering
93fac85c-0619-4684-a86e-c45e1cf0d2dc,2026-09-17T21:57:45.169Z,280,locate suicidal subject,Welfare Check
e499cb59-f29b-481f-8d18-e308fadeb668,2026-09-17T21:34:30.919Z,1260,,Wanted Person (Arrest Warrant/Fugitive)
1d5728a4-cf52-4f56-b696-821999dd5a05,2026-09-17T21:20:57.469Z,280,locate suspect vehicle,Hit and Run/Car Accident
f4ee9e6e-8a7b-4339-9600-9001d456219e,2026-09-17T19:53:57.189Z,280,locate suspect vehicle,Hit and Run/Car Accident
c4531f57-4cdd-4dc9-baf1-152ec5afd98a,2026-09-17T19:44:34.413Z,2,suspect,Larceny/Theft Offenses
9a889904-96c7-4000-aca0-f012f6916f4b,2026-09-17T19:24:32.650Z,5717,GVSU Suspect,Stalking
4ae72551-9a01-429e-a794-9147df3335b4,2026-09-17T19:19:35.176Z,1258,Peeping Tom,Sex Offenses
8ad6f5fb-7879-463b-b9da-4e3fb085cb84,2026-09-17T18:34:57.372Z,1259,Home invasion/peeping tom,Sex Offenses
6ad3b1a4-bb9c-4440-ba84-57ce4e1a03d2,2026-09-17T18:32:21.125Z,1260,,Wanted Person (Arrest Warrant/Fugitive)
897b9a76-2e08-4093-87b0-24461a356b2d,2026-09-17T18:19:02.341Z,1258,Peeping Tom,Sex Offenses
f4e71a06-8e6d-4157-83ee-055ffb73d92f,2026-09-17T17:23:16.066Z,2,Retail Fraud,Financial Crime (Embezzlement/Fraud)
2f202479-8eb4-429f-ba91-8bd5fcf88141,2026-09-17T17:09:14.269Z,4,Retail fraud suspect vehicle,Larceny/Theft Offenses
ab139674-085a-4728-980d-f63b4aea0fbc,2026-09-17T16:06:51.100Z,280,locate suspect vehicle,Hit and Run/Car Accident
fa206629-708d-4b0b-b048-08fdb43b2ff1,2026-09-17T14:58:22.147Z,1297,Peeping tom/home invader,Sex Offenses
c4f8633c-ab1c-44c0-80d3-a7b22097c254,2026-09-17T14:34:32.650Z,280,locate suspect vehicle,Hit and Run/Car Accident
a3675ff5-8098-42bc-8839-152c1cd77abf,2026-09-17T14:32:11.618Z,1298,Breaking and Entering,Burglary/Breaking & Entering
55fa6849-3989-4d83-ae99-0ee40d3e9400,2026-09-17T14:04:02.631Z,2,suspect,Larceny/Theft Offenses
80f6f85e-edbf-4341-a566-e2c6dedd1a06,2026-09-17T13:50:54.488Z,2,Peeping Tom-Repeat offender-Home Invasion,Sex Offenses
032689ab-618f-4971-bc97-b4dce939e516,2026-09-17T13:30:05.458Z,280,suspect,Wanted Person (Arrest Warrant/Fugitive)
dd7364fb-a03f-4d68-8446-386ca31cf748,2026-09-17T12:56:19.574Z,280,warrant investigation,Wanted Person (Arrest Warrant/Fugitive)
c79e27bb-f187-4fc0-b121-21d4ca0885e4,2026-09-17T12:25:11.251Z,1,Hit and Run Suspect Vehicle,Hit and Run/Car Accident
ce01689c-264f-4dc7-a5e6-7c88ab676ad3,2026-09-17T11:48:36.474Z,2,Suspect,Sex Offenses
d7578592-ad98-4734-80c2-15404820b37e,2026-09-17T11:12:34.064Z,1297,CSC Suspect,Sex Offenses
5813842c-5d7a-487f-97e8-af1e4a8bc352,2026-09-17T10:16:32.800Z,1297,B&E Suspect,Burglary/Breaking & Entering
082ff7c5-e3cd-4fab-99b3-825f9654cf4f,2026-09-17T09:26:05.145Z,1298,,Burglary/Breaking & Entering
61d0157b-cca6-4a7f-b5a8-61a1b08818ea,2026-09-17T08:29:58.921Z,280,Peeping tim and Home invasion susp,Burglary/Breaking & Entering
c64682c9-6df5-486d-bc7a-d563ad7c1fca,2026-09-17T07:47:15.744Z,1297,B&E Suspect,Burglary/Breaking & Entering
8c043dcb-1dd9-41ec-8d5d-e9e0f3e57871,2026-09-17T07:30:58.559Z,280,Peeping tim and Home invasion susp,Burglary/Breaking & Entering
f2c76018-db05-4a6a-811f-2cc5a40c40b9,2026-09-17T07:11:14.318Z,1260,Suspect,Sex Offenses
0763718a-78c2-4fef-bfb4-de972788adbe,2026-09-17T06:57:24.261Z,280,Peeping tim and Home invasion susp,Burglary/Breaking & Entering
cba7e5cf-8c10-4dad-b4ec-036165fdac27,2026-09-17T06:56:28.738Z,1297,B&E Suspect,Burglary/Breaking & Entering
73a6aa7e-f1a1-450f-bfc9-8b2247d038c2,2026-09-17T06:42:24.011Z,1296,Peeping Tom,Sex Offenses
029ad7e2-e766-42fc-804d-490d70b77031,2026-09-17T05:29:24.795Z,1260,,Burglary/Breaking & Entering
3c4be6f5-b1b4-420b-809f-25a50334c607,2026-09-17T05:23:07.968Z,1297,B&E Suspect,Burglary/Breaking & Entering
db84179d-0b1f-4c7f-b9f9-9b5344490964,2026-09-17T05:14:37.073Z,1296,Peeping Tom,Sex Offenses
e28b3f4a-4cde-452f-9e09-8c3e1e3d06df,2026-09-17T05:04:39.255Z,280,Peeping tim and Home invasion susp,Burglary/Breaking & Entering
419a7b2f-b20e-449c-8e45-4de66b8a1bbd,2026-09-17T05:00:28.447Z,1261,,Wanted Person (Arrest Warrant/Fugitive)
941fb598-7ec9-4ace-baa4-2e4ff95ca382,2026-09-17T04:07:43.453Z,280,Peeping tim and Home invasion susp,Burglary/Breaking & Entering
ab7a14b3-376a-4c49-b8aa-8ff412944fe0,2026-09-17T04:06:14.862Z,1297,B&E Suspect,Burglary/Breaking & Entering
cd6f30f3-33c2-421c-9751-7bc8147b4851,2026-09-17T04:04:10.445Z,1296,Peeping Tom,Sex Offenses
b77b9cf5-5742-4490-8ff7-c89b7cd05ac7,2026-09-17T04:00:04.309Z,3,,Wanted Person (Arrest Warrant/Fugitive)
d132aa8b-b8e0-4155-9981-1eb1abc5aad2,2026-09-17T03:18:44.317Z,24,,Wanted Person (Arrest Warrant/Fugitive)
5d9618a2-ebe4-47ea-9b29-1f7ecb57cd2c,2026-09-17T03:02:14.076Z,1296,Peeping Tom,Sex Offenses
65f6a1d0-440a-4a3b-b85f-fa921cb74c9d,2026-09-17T03:00:21.169Z,280,Peeping tim and Home invasion susp,Burglary/Breaking & Entering
f5ddca14-fe11-44d9-8587-92f4406c1ed1,2026-09-17T02:16:45.874Z,1296,Peeping Tom,Sex Offenses
69588252-e2b2-4988-8850-edfdbb9ecba9,2026-09-17T02:13:21.212Z,24,,Wanted Person (Arrest Warrant/Fugitive)
7e2420eb-9701-42d6-a64b-b7b17e38b139,2026-09-17T02:11:07.601Z,1297,B&E Suspect,Burglary/Breaking & Entering
e811d994-1961-42be-a00b-0a7aa5ada9c8,2026-09-17T02:06:00.054Z,1260,Suspect,Sex Offenses
345289ac-665f-4725-a506-3336904637d5,2026-09-17T02:03:16.063Z,280,Peeping tim and Home invasion susp,Burglary/Breaking & Entering
e74e8080-64c2-4935-90ba-21b7b857c6d3,2026-09-17T01:28:06.785Z,1260,,Burglary/Breaking & Entering
5fae8a1e-9bf7-434f-9527-711fce1aeea4,2026-09-17T01:21:39.138Z,24,Home Invasion/Peeping Tom suspect,Sex Offenses
1e96a2b6-f85e-4226-bc94-c3a098edd82a,2026-09-17T01:14:39.660Z,280,Peeping tim and Home invasion susp,Burglary/Breaking & Entering
64b4bad7-b091-442b-babc-1ced7d3f2a40,2026-09-17T01:11:25.522Z,1297,B&E Suspect,Burglary/Breaking & Entering
9b7f7675-0c44-478b-8b3a-ca7c7f2a308e,2026-09-17T01:07:10.844Z,1296,Peeping Tom,Sex Offenses
3a827951-9d97-476c-ad7b-1916ec524804,2026-09-17T01:01:52.225Z,15,,Wanted Person (Arrest Warrant/Fugitive)
912b2b87-e66f-45c6-a6c7-b01ec11b1b35,2026-09-17T00:35:52.689Z,1297,B&E Suspect,Burglary/Breaking & Entering
37d80627-b64b-47fb-8631-336fc54be42c,2026-09-17T00:14:54.888Z,15,,Wanted Person (Arrest Warrant/Fugitive)
3facb0ce-6ae2-42a9-8783-997bd22d5671,2026-09-17T00:02:31.002Z,1260,,Burglary/Breaking & Entering
32a65986-9392-4c88-b3ca-3bff17d8ed2d,2026-09-17T00:01:08.550Z,1296,Peeping Tom,Sex Offenses
890aa341-a9e2-49b5-98fe-4ff0fd7c51e9,2026-09-16T23:48:34.918Z,1296,Peeping Tom,Sex Offenses
8c28b150-542c-42a9-a86c-b0628ae57cca,2026-09-16T23:00:42.990Z,15,,Wanted Person (Arrest Warrant/Fugitive)
6b2a1ac3-fbbf-4ccb-a13d-cb97a6afc8f1,2026-09-16T22:31:28.145Z,1296,Peeping Tom,Sex Offenses
4a3cbcec-eb4d-4aa3-a768-e98b30772fed,2026-09-16T22:02:54.339Z,3,,Wanted Person (Arrest Warrant/Fugitive)
8ed8eaad-0dfe-4984-ad73-9a1726b5a3fc,2026-09-16T21:25:00.449Z,3,,Wanted Person (Arrest Warrant/Fugitive)
12fff2a9-9baa-4210-bc92-3a66a0472ae2,2026-09-16T20:36:33.920Z,1261,,Wanted Person (Arrest Warrant/Fugitive)
f186e473-35af-4fac-b97b-afd1e620aed4,2026-09-16T20:28:19.307Z,2,Suspect,Assault/Battery Offenses (Domestic)
d1d63aca-f498-4685-b894-b96f40a89c55,2026-09-16T20:25:53.854Z,2,Peeping Tom,Stalking
4fced02e-14aa-4b3c-84ab-a2a045630a9a,2026-09-16T20:25:52.827Z,8,Home invasion/peeping tom suspect,Sex Offenses
8cfa0726-6c6c-4025-8a7e-cdc557f66a53,2026-09-16T20:09:29.528Z,5,SEARCHING FOR VEHICLE INVOLVED IN PEEPING TOM / HOME INVASIONS IN GVSU,Burglary/Breaking & Entering
b3cbc6d4-b5aa-4209-9501-73198166fc7d,2026-09-16T20:08:39.861Z,2,CSC Suspect,
eeb185d7-5a07-4be6-a40d-d7e052d26ac8,2026-09-16T20:05:40.863Z,2,Stalking Peeping Tom,Stalking
72d4efd8-527b-4f6a-9e02-5dcc2b7d4a64,2026-09-16T19:22:10.701Z,2,Stalking Peeping Tom,Stalking
44fa20b9-dc9b-409f-a75a-f78a31f11a9a,2026-09-16T19:21:04.392Z,1261,CSC Suspect,Sex Offenses
1d536bf2-d66d-43f7-a9fb-a5b15f8bbade,2026-09-16T17:43:24.887Z,1262,Suspect,Sex Offenses
3cfbeafe-8ae2-4b9f-8d22-d1f79bfa0f6b,2026-09-16T17:41:27.811Z,280,locate suspect vehicle,Hit and Run/Car Accident
8b7e3fa7-c100-4562-9fad-2983679f7ba2,2026-09-16T16:13:47.775Z,2,locate suspect vehicle,Hit and Run/Car Accident
f7d486ce-8bf8-42e9-88ae-c09abcaa106a,2026-09-16T15:29:34.848Z,5,suspect,Motor Vehicle Theft/Stolen
1f109bfe-2e86-4e9a-bd67-edb2321e0fc8,2026-09-16T15:01:44.920Z,2,UDAA,Larceny/Theft Offenses
5fae6734-0b50-42ad-bcce-705e7dbca8ba,2026-09-16T14:45:10.678Z,1300,Identity Theft,Financial Crime (Embezzlement/Fraud)
82082c83-90be-4592-9060-fec077b05ed9,2026-09-16T14:42:02.904Z,1301,UDAA,Larceny/Theft Offenses
a4db2810-6ada-4109-aa9c-c8266c9b4d29,2026-09-16T14:08:02.056Z,2,locate suspect vehicle,Hit and Run/Car Accident
310ec3e1-e0e2-4c3d-b32c-0070985583a3,2026-09-16T14:05:59.211Z,2,Peeping Tom-Repeat offender-Home Invasion,Sex Offenses
b52d0053-8a33-47a6-be7f-a67c2a381514,2026-09-16T13:21:04.297Z,1304,Locate Warrant,Robbery
ec345740-40f1-42d5-b0ff-e984c871006f,2026-09-16T13:10:23.825Z,5745,Peeping Tom-Repeat offender-Home Invasion,Sex Offenses
37e34c35-db34-4827-9f6c-1d4569a8a5b7,2026-09-16T13:09:34.121Z,280,suspect,Sex Offenses
65ef04fc-d6cb-471a-b771-8daee56869b4,2026-09-16T13:06:57.275Z,1301,,Disorderly Conduct/Disturbance
30f08787-5681-4fc0-831e-a1b1f44a6ea3,2026-09-16T13:05:21.739Z,1301,Suspect,Driving Under the Influence (DUI/DWI/OWI/OVI)
695bdb1d-0f49-43a8-95e4-3d697a957617,2026-09-16T13:03:51.216Z,2,locate suspect vehicle,Hit and Run/Car Accident
f8dee9d6-87c7-4459-b3e6-ba9492eeaf49,2026-09-16T13:02:12.076Z,1265,Warrant / VCSA,"Drugs/Narcotics, Wanted Person (Arrest Warrant/Fugitive)"
ee2f13fc-62a8-4a34-8570-65a05c6a671d,2026-09-16T12:58:48.841Z,2,locate suspect vehicle,Hit and Run/Car Accident
4f757b76-4766-46e0-b345-e537e0a7221e,2026-09-16T12:56:30.449Z,5741,Suspect,Driving Under the Influence (DUI/DWI/OWI/OVI)
b75e3249-0681-401f-994a-11fb919dbee4,2026-09-16T12:04:33.476Z,1301,Peeping Tom-Repeat offender-Home Invasion,Sex Offenses
d5da292b-fba5-4479-865a-fe0acd74ea4c,2026-09-16T11:42:03.636Z,2,Suspect,Driving Under the Influence (DUI/DWI/OWI/OVI)
ebd0b602-87f4-4ab9-b722-6050da675ed8,2026-09-16T11:15:51.361Z,2,locate suspect vehicle,Hit and Run/Car Accident
b4538b75-221c-4f05-8e63-5954b461a8df,2026-09-16T11:11:20.064Z,2,Peeping Tom-Repeat offender-Home Invasion,Sex Offenses
1dc7dd89-b192-486e-bbb5-189e8d7b7c00,2026-09-16T10:05:05.727Z,1,locate suspect vehicle,Hit and Run/Car Accident
768da8b9-4e96-4e61-af6e-7173f91cc813,2026-09-15T18:47:50.836Z,2,Warrants & VCSA,"Wanted Person (Arrest Warrant/Fugitive), Drugs/Narcotics"
05d65919-8813-462c-9b3a-fb3526d39063,2026-09-15T18:46:20.739Z,2,Peeping Tom-Repeat offender-Home Invasion,Sex Offenses
b38a96eb-b588-49db-9388-2ff5f5d56b93,2026-09-15T15:27:54.984Z,2,Peeping Tom-Repeat offender-Home Invasion,Sex Offenses
e4c7fec7-0725-481c-af05-eb4b3c961d43,2026-09-15T15:07:05.957Z,280,This search is being conducted in relation to a suspect vehicle in a retail fraud reported on 09/15/2026 at the location of 595 E 24th St,Larceny/Theft Offenses
e70572e0-9b58-420b-bcd7-7fbeea042e32,2026-09-15T15:03:03.708Z,1267,Retail fraud,Stolen Property Offenses
8c46365f-4c7d-4d09-b841-248e839c86b0,2026-09-15T14:56:43.919Z,1303,Peeping Tom-Repeat offender-Home Invasion,Sex Offenses
fd162786-e95a-4896-8fe8-468d49c800cb,2026-09-15T14:26:53.457Z,1305,Locate Owner who has a warrant for cocaine/crack,Drugs/Narcotics
4a89e85c-34cd-49e1-90f8-c4618492371d,2026-09-15T12:52:49.954Z,1,,Larceny/Theft Offenses
8dde034a-1464-4491-ae4c-f89a74853860,2026-09-15T12:02:48.498Z,1312,locate suspect,Pornography/Obscene Material
809cfcb5-02d6-456c-a867-7ccbcaa87528,2026-09-15T11:24:20.325Z,280,Suspect,Burglary/Breaking & Entering
a1a27d3d-0802-4cf4-a4eb-292c15bf90d9,2026-09-15T03:03:14.080Z,1269,,Alcohol Offenses (Non-DUI)
2f3daec3-15ee-405b-b57c-02eb97e5c86b,2026-09-14T22:23:39.531Z,1312,Runaway,Missing/Endangered Person/Runaway
416630c5-2520-4ed8-ac38-81e56b30101a,2026-09-14T21:23:37.425Z,2,fraud of services,Financial Crime (Embezzlement/Fraud)
5eadb626-6a36-4055-8f71-df685208799e,2026-09-14T17:03:23.346Z,280,suspect,Larceny/Theft Offenses
64923051-d856-4746-903f-5f9dc7945639,2026-09-14T16:02:08.568Z,1315,ATL - mental health pick up order,Welfare Check
c4871337-8d4a-4fa0-a889-ff93aba5beef,2026-09-14T14:11:37.293Z,1319,additional suspect vehicle history,Burglary/Breaking & Entering
48eac002-d13e-47d5-b199-c25ed44ac77b,2026-09-14T12:43:56.856Z,3,,Assault/Battery Offenses
05957da0-e649-47a7-8107-3e55583f23bf,2026-09-14T07:53:32.579Z,1318,,Burglary/Breaking & Entering
50e635b4-3d2d-4d00-a2e5-6ce68e28225c,2026-09-13T11:11:43.856Z,2,ATL suspect vehicle,Hit and Run/Car Accident
c31668f6-8c8e-4a1e-a85b-8cc3db9a6675,2026-09-13T11:01:24.227Z,1317,Locate Suspect,Hit and Run/Car Accident
51286812-ad11-4eff-b12d-6097fe27ce58,2026-09-13T08:13:59.710Z,1280,,Assault/Battery Offenses
eb77648a-9455-4211-aa05-316ef22aef6e,2026-09-13T07:02:03.820Z,1317,,Assault/Battery Offenses
74ea9902-9049-49de-9a5d-2c038b69d6e8,2026-09-13T06:04:33.700Z,1280,,Assault/Battery Offenses
aba3b127-ad8c-49f5-90ac-3a26f36a947f,2026-09-13T01:35:54.676Z,1281,,Motor Vehicle Theft/Stolen
0af82b5a-f48d-4ac6-8bd6-9e6b65c2af95,2026-09-13T01:33:54.313Z,1281,,Wanted Person (Arrest Warrant/Fugitive)
4757f84d-19b2-43d6-bb50-10ff9f1d42e6,2026-09-13T00:00:17.626Z,1317,Suspect Vehicle,Hit and Run/Car Accident
51f47205-3574-4276-8dd3-3ffacf551cf9,2026-09-12T21:21:35.798Z,1317,,Welfare Check
af590eac-bd61-4992-b0ab-2cef9c990787,2026-09-12T17:35:03.692Z,280,,Motor Vehicle Theft/Stolen
5abafa3c-ac7c-4c7f-8b5b-7ac2d8c55cca,2026-09-12T17:34:04.614Z,280,Stolen vehicle,Motor Vehicle Theft/Stolen
5ec74c07-9b07-4e75-8d15-dd413afabe5e,2026-09-12T16:00:36.896Z,2,Felony larceny from building suspect vehicle,Larceny/Theft Offenses
fd152dab-a61f-40b9-87d4-2748571642ca,2026-09-12T04:03:32.687Z,1318,,Missing/Endangered Person/Runaway
0e2c52b2-ed44-4511-9779-8127076d375b,2026-09-12T03:42:42.601Z,1318,,Missing/Endangered Person/Runaway
e9a8b2de-bc48-4c55-934b-0820e8740d0f,2026-09-12T02:49:26.920Z,1318,,Missing/Endangered Person/Runaway
7cec406f-0a5c-4412-a9d1-02999320fe68,2026-09-12T02:09:58.371Z,1281,,Wanted Person (Arrest Warrant/Fugitive)
5b64d16d-ed79-4440-b8af-6754cc9a0998,2026-09-12T01:52:45.143Z,1281,,Wanted Person (Arrest Warrant/Fugitive)
f6ccacc9-ac9b-45f8-a7b7-7d3703f14f7f,2026-09-12T01:39:20.474Z,1318,,Missing/Endangered Person/Runaway
be5fef21-20b2-4fd5-9bea-e9df0bacff9b,2026-09-11T16:10:13.795Z,280,locate suspect vehicle,Criminal Motor Vehicle Offense (incl. Road Rage/Reckless)
88aa3537-ac98-4fb0-a6f8-92db2c8e877d,2026-09-11T15:53:51.088Z,280,locate suspect vehicle,Criminal Motor Vehicle Offense (incl. Road Rage/Reckless)
4f7e10ad-4bf9-45cd-a664-0663d9a357ab,2026-09-11T14:10:34.149Z,1322,Wanted person/ multiple felony warrants,Financial Crime (Embezzlement/Fraud)
7c6cf4b4-1393-48fa-a5f7-d52a357fbbbd,2026-09-11T13:20:31.291Z,1285,VCSA,Drugs/Narcotics
d72daf45-cb92-43c3-a909-08066004f46d,2026-09-11T10:53:44.354Z,2,Kentwood PD - Assist,Obstructing the Police (Fleeing/Eluding)
c3289c5f-a21b-42a5-9662-78fa263435bb,2026-09-11T04:02:41.643Z,281,Stolen Plate,Larceny/Theft Offenses
67b5badd-10a3-49e9-881c-d21ae6307b79,2026-09-11T02:03:26.548Z,1322,Stolen Plate,Larceny/Theft Offenses
e4cb53d4-f716-42c7-b4e7-c0608eb05ac5,2026-09-10T18:35:11.917Z,1290,,Motor Vehicle Theft/Stolen
40863713-d1c6-4ccd-8ad8-e711dbaacf1e,2026-09-10T17:22:25.636Z,281,DWLS,Criminal Motor Vehicle Offense (incl. Road Rage/Reckless)
a17a88c8-7e07-49bd-acf7-6ad7bf2baf6f,2026-09-10T15:18:54.635Z,1330,Fail to pay,Financial Crime (Embezzlement/Fraud)
b0a36380-dd57-40fe-9c22-c06dc2a41b24,2026-09-10T12:25:56.169Z,1330,theft suspect,Larceny/Theft Offenses
e7016093-c81a-41b1-92ab-1c63ad620c0a,2026-09-10T09:31:32.978Z,1293,,Criminal Motor Vehicle Offense (incl. Road Rage/Reckless)
697a6620-0ea4-4ca0-92c0-52cb02c06627,2026-09-10T08:10:51.626Z,1332,,Missing/Endangered Person/Runaway
a08c2a14-d9db-4707-87f6-d7a4fc0b5c01,2026-09-10T07:33:49.068Z,1293,,Criminal Motor Vehicle Offense (incl. Road Rage/Reckless)
16f4db0e-aae8-484c-a33b-af4e1b2666c4,2026-09-10T06:24:25.744Z,1332,,Missing/Endangered Person/Runaway
7daf21eb-f667-4dfd-9c97-f5955733655e,2026-09-10T06:12:52.497Z,1295,,Missing/Endangered Person/Runaway
a829ed52-c3a8-44f0-9d4a-74ffad9225a0,2026-09-10T06:12:31.693Z,281,Missing Person,Missing/Endangered Person/Runaway
0f97af18-f99d-4ae4-947a-c9e414a7e625,2026-09-10T05:50:22.097Z,1332,,Missing/Endangered Person/Runaway
8be216f5-0a10-4b63-9e5e-1391ad7f3eb3,2026-09-10T05:45:08.580Z,1295,,Missing/Endangered Person/Runaway
bd33897e-254e-4be2-80bd-f751f3224a6e,2026-09-09T22:19:31.985Z,1295,,Motor Vehicle Theft/Stolen
5f138621-d9e0-4140-af40-56e366c013d7,2026-09-09T21:13:42.004Z,1295,rolling Domestic assault,Assault/Battery Offenses (Domestic)
0bbba341-d38a-4739-b8b1-556d9a6d02de,2026-09-09T20:51:47.131Z,1295,rolling Domestic assault,Assault/Battery Offenses (Domestic)
c0248802-7877-4f7b-93e6-169de7377256,2026-09-09T19:13:55.894Z,1294,Assault,Assault/Battery Offenses
83113142-6f9a-4dc4-b317-6bfd3feb7132,2026-09-09T19:12:33.236Z,1294,2026-09090083,Assault/Battery Offenses
4a895169-e10d-4598-8b14-0bddb3239722,2026-09-09T18:02:05.917Z,1333,theft suspect,Larceny/Theft Offenses
5025d094-9e09-4cdd-b1f1-4708864ffbff,2026-09-09T17:13:02.043Z,1335,theft suspect,Larceny/Theft Offenses
7331e993-6bc4-433c-9482-4162622d1a32,2026-09-09T15:45:52.204Z,1301,,Motor Vehicle Theft/Stolen
1bb44a07-33ea-4b79-9e2d-5c33235517b1,2026-09-09T14:53:50.765Z,5838,Warranted suspect,Wanted Person (Arrest Warrant/Fugitive)
a6b35b12-22e8-437f-8b0d-33d327b8bf36,2026-09-09T14:37:55.101Z,2,theft suspect,Larceny/Theft Offenses
4d9682b2-75d4-4938-998d-74eea05f13d6,2026-09-09T13:04:32.650Z,281,locate missing,Missing/Endangered Person/Runaway
720b5702-0b24-4458-a235-63fbf800f131,2026-09-09T09:03:12.294Z,5845,searching flock cameras,Motor Vehicle Theft/Stolen
1eea9838-a87c-40bd-9ee9-aca118f233e7,2026-09-09T08:22:06.604Z,5845,searching flock cameras,Motor Vehicle Theft/Stolen
8be4dc90-d435-4495-8963-70a53c923d23,2026-09-09T08:00:10.235Z,1302,,Motor Vehicle Theft/Stolen
45be723a-0b98-435d-a003-994877eb4529,2026-09-09T07:13:44.049Z,1339,,Stolen Property Offenses
5f86d365-68c3-46e0-aef1-cb64297ddc96,2026-09-09T07:06:52.236Z,5845,searching flock cameras,Motor Vehicle Theft/Stolen
e3d5118e-cf85-426d-8bc7-4b5793259639,2026-09-09T07:05:06.192Z,1302,,Motor Vehicle Theft/Stolen
e10105e8-0245-4ae0-8903-e8d4a8477e37,2026-09-09T06:47:21.772Z,5845,searching flock cameras,Motor Vehicle Theft/Stolen
2f862638-27d0-4904-ba8c-1b4dc250be7b,2026-09-09T06:44:26.344Z,1302,,Motor Vehicle Theft/Stolen
91ac2432-6e41-4d42-85ef-3e38f5056cd0,2026-09-09T06:27:57.955Z,1339,,Stolen Property Offenses
bf74c134-94cf-4891-95f3-a027e9cd9550,2026-09-09T05:14:11.770Z,1302,,Wanted Person (Arrest Warrant/Fugitive)
cb23ed0f-a989-4615-a660-473169f6edd3,2026-09-09T04:45:26.835Z,1302,,Wanted Person (Arrest Warrant/Fugitive)
1b480a13-6758-4dc9-ab9d-0b4775fa3cc7,2026-09-09T03:03:02.087Z,1339,,Wanted Person (Arrest Warrant/Fugitive)
281bcf10-c7fe-4ff4-96dd-396747a800b9,2026-09-09T03:00:14.268Z,1302,,Wanted Person (Arrest Warrant/Fugitive)
b47dd3b5-b795-4f86-9e86-03da217197bb,2026-09-09T02:58:03.759Z,1302,,Wanted Person (Arrest Warrant/Fugitive)
9a2ecdcc-2654-4d04-a9ca-9d47fd7fd055,2026-09-08T22:08:44.028Z,1303,,Wanted Person (Arrest Warrant/Fugitive)
a9f3509c-fa54-43cb-993c-594203da2384,2026-09-08T21:59:01.992Z,1339,Kentwood PD - Assist,Obstructing Justice
28f318cf-27ff-4102-86b6-732bf283c1bd,2026-09-08T21:53:19.232Z,1303,,Wanted Person (Arrest Warrant/Fugitive)
a6b40c0f-24d6-46ea-b960-5aeb2b9720fb,2026-09-08T21:27:39.136Z,281,UDAA,Motor Vehicle Theft/Stolen
30a3da9d-3ce5-42d0-a73d-1a24d73bc1e2,2026-09-08T20:51:36.224Z,1303,,Wanted Person (Arrest Warrant/Fugitive)
2f17f42d-99b0-46cd-9459-3c02900b1843,2026-09-08T20:10:59.384Z,1342,Kentwood PD - Assist,Obstructing Justice
33df91b3-9f34-499a-8e55-aac806b0b6b2,2026-09-08T19:10:14.379Z,1306,,Wanted Person (Arrest Warrant/Fugitive)
9af38dfc-5882-4182-afca-c2de47ca4be4,2026-09-08T16:41:13.530Z,1344,investigate purposes,Stolen Property Offenses
6ef58344-5458-499f-ba85-0c8b12bd53ee,2026-09-08T15:06:06.089Z,1347,suspect,Trespass
e4573c0a-13dc-426e-8a79-fae745105a62,2026-09-08T14:00:18.030Z,1346,Kentwood PD - Assist,Obstructing Justice
a870b1aa-1c1d-4c2e-886d-7d48bed3b257,2026-09-08T11:08:40.553Z,1346,Kentwood PD - Assist,Obstructing Justice
4e24b50b-d64d-4f53-83fc-39c58f198ff1,2026-09-08T06:02:27.661Z,1310,,Wanted Person (Arrest Warrant/Fugitive)
101aa851-cdd6-43ca-aaf2-a88fa106057f,2026-09-08T05:42:58.489Z,1310,,Wanted Person (Arrest Warrant/Fugitive)
05e51eeb-1f41-4d5b-8f31-420c2f8d62c8,2026-09-08T04:33:51.843Z,1310,,Wanted Person (Arrest Warrant/Fugitive)
c09a8a5c-3ab9-473c-a2ea-7bb944133455,2026-09-08T03:40:17.679Z,1347,Suspect of domestic violence,Assault/Battery Offenses (Domestic)
1f46bfb6-6bc7-4eda-9b8a-1e35592edf4d,2026-09-08T03:19:35.067Z,1310,,Wanted Person (Arrest Warrant/Fugitive)
b8433d0a-dbc2-4c38-943e-a8783c210331,2026-09-08T02:30:50.963Z,1310,,Wanted Person (Arrest Warrant/Fugitive)
01e0e066-8ca7-4e76-80d9-e5a61a67c5f9,2026-09-08T00:56:21.360Z,1310,,Wanted Person (Arrest Warrant/Fugitive)
64f40f90-22a4-4951-90cc-ffd704dc6506,2026-09-07T23:14:56.247Z,1310,,Wanted Person (Arrest Warrant/Fugitive)
74d13845-0925-4834-a26f-d02a1e786156,2026-09-07T22:01:08.892Z,1310,,Wanted Person (Arrest Warrant/Fugitive)
39423d9d-9a9f-4a0b-9438-97954403322d,2026-09-07T21:05:22.033Z,1346,Kentwood PD - Assist,Obstructing Justice
b9fb63fd-8b07-445a-86bc-80c1ecc7a033,2026-09-07T19:21:57.098Z,1310,,Wanted Person (Arrest Warrant/Fugitive)
c24f3d0f-d8f5-4e6c-97cc-f9a443a43871,2026-09-07T11:16:39.168Z,5896,Stolen vehicle,Motor Vehicle Theft/Stolen
b7475b8e-3abb-4bf4-a196-99d3fbc2d3d3,2026-09-07T09:39:31.126Z,1310,Suspect hit kentwood police car,"Drugs/Narcotics, Hit and Run/Car Accident, Obstructing the Police (Fleeing/Eluding)"
9a999248-2ff5-4a73-8d27-2e12d5238ac0,2026-09-07T08:46:45.391Z,1310,Suspect hit kentwood police car,"Drugs/Narcotics, Hit and Run/Car Accident, Obstructing the Police (Fleeing/Eluding)"
dea2ca90-120a-44fa-bd4f-a87812e869d3,2026-09-07T02:28:53.328Z,1310,Suspect hit kentwood police car,"Drugs/Narcotics, Hit and Run/Car Accident, Obstructing the Police (Fleeing/Eluding)"
455a6002-99b4-413c-9e34-5448addfa550,2026-09-07T00:17:00.070Z,1310,,Larceny/Theft Offenses
2729272e-3c8b-4861-bc49-9dddf44fa35f,2026-09-06T20:14:42.314Z,281,Stolen vehicle,Motor Vehicle Theft/Stolen
569fac8b-17cb-4888-9301-54fbfb9330b9,2026-09-06T19:52:33.720Z,1347,H&R,Hit and Run/Car Accident
6c617ad0-5ebb-4689-ae79-3a0d716840b0,2026-09-06T18:12:04.923Z,1348,Stolen Vehicle,Motor Vehicle Theft/Stolen
dcaf16f9-cc0f-4781-bfb4-bab3430087df,2026-09-06T17:57:16.112Z,281,Stolen vehicle,Motor Vehicle Theft/Stolen
95314f67-0acb-40ac-b013-ac2eece34602,2026-09-06T17:34:10.100Z,1348,Stolen Vehicle,Motor Vehicle Theft/Stolen
ce8d87d9-2bb0-40b0-a514-df80398a13bc,2026-09-06T17:12:01.969Z,1348,,Pornography/Obscene Material
1c479057-9f64-4528-ae56-07bdb5c8ac9f,2026-09-05T23:12:39.638Z,1352,,Wanted Person (Arrest Warrant/Fugitive)
63d133f2-5264-420c-ba57-d40b74e492e2,2026-09-05T22:23:34.916Z,1352,,Weapons Offense (Guns/Shots Fired)
9ba69c4e-6f88-4141-8b52-fa4a2069c3c5,2026-09-05T22:03:09.030Z,1352,,Wanted Person (Arrest Warrant/Fugitive)
66aed309-1465-45ab-b789-dfed8c0a4a70,2026-09-05T22:02:21.047Z,1315,,Weapons Offense (Guns/Shots Fired)
b37e29bd-d655-436f-b41b-f8848c75ef65,2026-09-05T22:01:43.654Z,1315,Locate suspect,Weapons Offense (Guns/Shots Fired)
4ee9fd78-e70b-4937-bfa2-7f42153913f5,2026-09-05T21:57:15.145Z,1352,,Weapons Offense (Guns/Shots Fired)
1fe9bb2e-0b97-47e9-80f6-f560b28264a5,2026-09-05T21:53:40.884Z,1315,,Weapons Offense (Guns/Shots Fired)
891e3590-c384-4401-863e-4aade91ac333,2026-09-05T21:46:44.414Z,1315,Locate suspect,Weapons Offense (Guns/Shots Fired)
58772d84-0b4e-4dd3-9a72-9c6d8647f96e,2026-09-05T21:16:29.497Z,1351,Felony Larceny Warrant,Larceny/Theft Offenses
6c091f48-1248-4992-8d97-70e2fbc1c6ef,2026-09-05T21:12:30.158Z,281,,Wanted Person (Arrest Warrant/Fugitive)
7bc4b864-e10e-4a7c-99be-7d979477cfdf,2026-09-05T19:21:44.319Z,1351,Felony Larceny Warrant,Larceny/Theft Offenses
77f1e2ef-f146-463f-9c5b-e45ef92e95fc,2026-09-05T19:16:06.541Z,281,,Wanted Person (Arrest Warrant/Fugitive)
a407555e-822b-46db-8546-aadf389b2c3e,2026-09-05T19:11:50.425Z,1352,,Wanted Person (Arrest Warrant/Fugitive)
8dfe4793-c365-448b-9c14-f9ab1e38cd99,2026-09-05T18:39:37.470Z,1351,Felony Larceny Warrant,Larceny/Theft Offenses
a0466fcd-6e1e-45ee-bd6d-b3cc972460db,2026-09-05T18:30:34.417Z,2,,Wanted Person (Arrest Warrant/Fugitive)
c8768001-5521-4688-a371-1ab6f05e6ab6,2026-09-05T18:24:11.046Z,1315,Locate suspect,Wanted Person (Arrest Warrant/Fugitive)
0bdefff1-4205-4621-b7c5-2ef07370fe4b,2026-09-05T17:36:48.867Z,1351,Felony Larceny Warrant,Larceny/Theft Offenses
743fd461-95e4-455e-953c-07786ee44dc3,2026-09-05T16:12:07.305Z,1352,,Wanted Person (Arrest Warrant/Fugitive)
5402160f-900a-4baf-aff7-84d5106a1b58,2026-09-05T15:56:01.838Z,281,,Wanted Person (Arrest Warrant/Fugitive)
130335b2-4367-4489-89f0-f6f99986984f,2026-09-05T15:38:58.310Z,1352,,Wanted Person (Arrest Warrant/Fugitive)
226bb1e5-be6e-4429-9f34-62b83a131121,2026-09-05T14:40:05.551Z,281,,Wanted Person (Arrest Warrant/Fugitive)
1656efdc-dfaf-4be5-9d46-1ebf32e578b3,2026-09-05T14:13:30.846Z,1352,,Wanted Person (Arrest Warrant/Fugitive)
b097b3ea-6ff0-4a73-a4d0-8dee6a996a23,2026-09-05T13:13:31.709Z,281,,Wanted Person (Arrest Warrant/Fugitive)
8fa4d895-7a15-47c5-85c7-b32ce5afee1f,2026-09-05T11:09:41.163Z,1352,,Wanted Person (Arrest Warrant/Fugitive)
1e59878d-c8d3-45e5-bc94-5c4a85d427c4,2026-09-05T10:56:30.148Z,1352,,Wanted Person (Arrest Warrant/Fugitive)
6e37d83b-d39c-449b-8dc1-b67c159ca270,2026-09-05T10:54:45.544Z,281,,Wanted Person (Arrest Warrant/Fugitive)
