id,searchDate,networkCount,offenseType
fa8a5dbc-2d4e-4b79-bfcf-03fff45d7091,2026-09-25T23:06:25.941Z,26,Missing/Endangered Person/Runaway
368d48bf-50da-4fab-b317-e19c3a13662a,2026-09-23T07:55:51.477Z,26,Motor Vehicle Theft/Stolen
a1555a8c-c029-4087-b788-2cb4b515cc27,2026-09-14T22:32:17.784Z,25,Stolen Property Offenses
a7ea10a0-8eb9-48d1-9a57-f9dca3bbaeb8,2026-09-14T21:26:49.180Z,1,Stolen Property Offenses
ff8941bf-816e-49b3-bf27-cc9e87edceaf,2026-09-09T07:31:10.425Z,25,Robbery
58412485-011d-4aad-ba2a-8e977c675d15,2026-09-06T05:47:32.513Z,1,Robbery
9c4e48e6-b45f-481a-9432-201d098ed2cf,2026-09-06T04:13:25.464Z,1,Robbery
e7678372-be2a-4f64-bf9b-cba8b6bb6aa4,2026-09-06T01:02:38.456Z,1,Robbery
ad4ed9cb-7eb6-4d83-a956-462191233062,2026-09-06T00:41:36.608Z,25,Robbery
12dc1bf5-b9f1-4e3b-948e-3148af5b6814,2026-09-05T23:12:05.194Z,1,Robbery
2254d266-e2fe-49d5-b242-d7065f68f93c,2026-09-05T20:02:13.009Z,1,Robbery
cbdd5b39-609b-40ad-873b-677528422550,2026-09-05T19:53:04.675Z,1,Robbery
